dataset_name,subset_name
glue,mrpc
glue,qqp
paws,labeled_final
ai2_arc,ARC-Challenge
ai2_arc,ARC-Easy
kilt_tasks,hotpotqa
trivia_qa,unfiltered
web_questions,
wiki_qa,
adversarial_qa,dbidaf
adversarial_qa,dbert
adversarial_qa,droberta
duorc,SelfRC
duorc,ParaphraseRC
ropes,
squad_v2,
super_glue,record
quoref,
cos_e,v1.11
cosmos_qa,
dream,
openbookqa,main
qasc,
quail,
quarel,
quartz,
race,high
race,middle
sciq,
social_i_qa,
super_glue,boolq
super_glue,multirc
wiki_hop,original
wiqa,
piqa,
amazon_polarity,
app_reviews,
imdb,
rotten_tomatoes,
yelp_review_full,
common_gen,
wiki_bio,
cnn_dailymail,3.0.0
gigaword,
multi_news,
samsum,
xsum,
ag_news,
dbpedia_14,
trec,
GEM/wiki_lingua,ar
GEM/wiki_lingua,en
GEM/wiki_lingua,es
GEM/wiki_lingua,fr
GEM/wiki_lingua,hi
GEM/wiki_lingua,id
GEM/wiki_lingua,pt
GEM/wiki_lingua,vi
GEM/wiki_lingua,zh
Helsinki-NLP/tatoeba_mt,ara-eng
Helsinki-NLP/tatoeba_mt,ara-fra
Helsinki-NLP/tatoeba_mt,ara-spa
Helsinki-NLP/tatoeba_mt,ben-eng
Helsinki-NLP/tatoeba_mt,cat-eng
Helsinki-NLP/tatoeba_mt,cat-fra
Helsinki-NLP/tatoeba_mt,cat-por
Helsinki-NLP/tatoeba_mt,cat-spa
Helsinki-NLP/tatoeba_mt,eng-cmn_Hans
Helsinki-NLP/tatoeba_mt,eng-cmn_Hant
Helsinki-NLP/tatoeba_mt,eng-eus
Helsinki-NLP/tatoeba_mt,eng-fra
Helsinki-NLP/tatoeba_mt,eng-hin
Helsinki-NLP/tatoeba_mt,eng-ind
Helsinki-NLP/tatoeba_mt,eng-mal
Helsinki-NLP/tatoeba_mt,eng-mar
Helsinki-NLP/tatoeba_mt,eng-por
Helsinki-NLP/tatoeba_mt,eng-run
Helsinki-NLP/tatoeba_mt,eng-spa
Helsinki-NLP/tatoeba_mt,eng-swa
Helsinki-NLP/tatoeba_mt,eng-tam
Helsinki-NLP/tatoeba_mt,eng-tel
Helsinki-NLP/tatoeba_mt,eng-urd
Helsinki-NLP/tatoeba_mt,eng-vie
Helsinki-NLP/tatoeba_mt,eng-zho
Helsinki-NLP/tatoeba_mt,eus-spa
Helsinki-NLP/tatoeba_mt,fra-cmn_Hans
Helsinki-NLP/tatoeba_mt,fra-cmn_Hant
Helsinki-NLP/tatoeba_mt,fra-ind
Helsinki-NLP/tatoeba_mt,fra-por
Helsinki-NLP/tatoeba_mt,fra-run
Helsinki-NLP/tatoeba_mt,fra-spa
Helsinki-NLP/tatoeba_mt,fra-vie
Helsinki-NLP/tatoeba_mt,fra-zho
Helsinki-NLP/tatoeba_mt,hin-urd
Helsinki-NLP/tatoeba_mt,hin-zho
Helsinki-NLP/tatoeba_mt,por-cmn_Hans
Helsinki-NLP/tatoeba_mt,por-cmn_Hant
Helsinki-NLP/tatoeba_mt,por-spa
Helsinki-NLP/tatoeba_mt,por-zho
Helsinki-NLP/tatoeba_mt,run-spa
Helsinki-NLP/tatoeba_mt,spa-cmn_Hans
Helsinki-NLP/tatoeba_mt,spa-cmn_Hant
Helsinki-NLP/tatoeba_mt,spa-vie
Helsinki-NLP/tatoeba_mt,spa-zho
Helsinki-NLP/tatoeba_mt,vie-cmn_Hans
Helsinki-NLP/tatoeba_mt,vie-zho
xquad,xquad.ar
xquad,xquad.zh
xquad,xquad.vi
xquad,xquad.en
xquad,xquad.es
xquad,xquad.hi
mlqa,mlqa.ar.ar
mlqa,mlqa.vi.vi
mlqa,mlqa.zh.zh
mlqa,mlqa.es.es
mlqa,mlqa.en.en
mlqa,mlqa.hi.hi
mlqa,mlqa.ar.vi
mlqa,mlqa.ar.zh
mlqa,mlqa.ar.es
mlqa,mlqa.ar.en
mlqa,mlqa.ar.hi
mlqa,mlqa.vi.ar
mlqa,mlqa.vi.zh
mlqa,mlqa.vi.es
mlqa,mlqa.vi.en
mlqa,mlqa.vi.hi
mlqa,mlqa.zh.ar
mlqa,mlqa.zh.vi
mlqa,mlqa.zh.es
mlqa,mlqa.zh.en
mlqa,mlqa.zh.hi
mlqa,mlqa.es.ar
mlqa,mlqa.es.vi
mlqa,mlqa.es.zh
mlqa,mlqa.es.en
mlqa,mlqa.es.hi
mlqa,mlqa.en.ar
mlqa,mlqa.es.vi
mlqa,mlqa.es.zh
mlqa,mlqa.es.es
mlqa,mlqa.es.hi
mlqa,mlqa.hi.ar
mlqa,mlqa.hi.vi
mlqa,mlqa.hi.zh
mlqa,mlqa.hi.es
mlqa,mlqa.hi.en
paws-x,en
paws-x,es
paws-x,fr
paws-x,zh
khalidalt/tydiqa-primary,arabic
khalidalt/tydiqa-primary,bengali
khalidalt/tydiqa-primary,english
khalidalt/tydiqa-primary,indonesian
khalidalt/tydiqa-primary,swahili
khalidalt/tydiqa-primary,telugu
khalidalt/tydiqa-goldp,arabic
khalidalt/tydiqa-goldp,bengali
khalidalt/tydiqa-goldp,english
khalidalt/tydiqa-goldp,indonesian
khalidalt/tydiqa-goldp,swahili
khalidalt/tydiqa-goldp,telugu
Muennighoff/mbpp,sanitized
great_code,
neural_code_search,evaluation_dataset
codeparrot/codecomplex,codeparrot--codecomplex
codeparrot/github-jupyter-text-code-pairs,
codeparrot/apps,all
codeparrot/xlcost-text-to-code,Python-program-level
codeparrot/xlcost-text-to-code,C-program-level
codeparrot/xlcost-text-to-code,C++-program-level
codeparrot/xlcost-text-to-code,Csharp-program-level
codeparrot/xlcost-text-to-code,Java-program-level
codeparrot/xlcost-text-to-code,Javascript-program-level
codeparrot/xlcost-text-to-code,PHP-program-level
teven/code_contests,
teven/code_docstring_corpus,top_level
Fraser/python-state-changes,
clue,c3
clue,cmrc2018
clue,csl
clue,drcd
clue,tnews
super_glue,wic
pasinit/xlwic,xlwic_en_zh
pasinit/xlwic,xlwic_fr_fr
GEM/BiSECT,en
GEM/BiSECT,es
GEM/BiSECT,fr
GEM/xlsum,arabic
GEM/xlsum,bengali
GEM/xlsum,chinese_simplified
GEM/xlsum,chinese_traditional
GEM/xlsum,english
GEM/xlsum,french
GEM/xlsum,gujarati
GEM/xlsum,hindi
GEM/xlsum,igbo
GEM/xlsum,indonesian
GEM/xlsum,kirundi
GEM/xlsum,marathi
GEM/xlsum,nepali
GEM/xlsum,portuguese
GEM/xlsum,punjabi
GEM/xlsum,spanish
GEM/xlsum,swahili
GEM/xlsum,tamil
GEM/xlsum,telugu
GEM/xlsum,urdu
GEM/xlsum,vietnamese
GEM/xlsum,yoruba
GEM/wiki_lingua,ar_en
GEM/wiki_lingua,ar_es
GEM/wiki_lingua,ar_fr
GEM/wiki_lingua,ar_hi
GEM/wiki_lingua,ar_id
GEM/wiki_lingua,ar_pt
GEM/wiki_lingua,ar_vi
GEM/wiki_lingua,ar_zh
GEM/wiki_lingua,en_ar
GEM/wiki_lingua,en_es
GEM/wiki_lingua,en_fr
GEM/wiki_lingua,en_hi
GEM/wiki_lingua,en_id
GEM/wiki_lingua,en_pt
GEM/wiki_lingua,en_vi
GEM/wiki_lingua,en_zh
GEM/wiki_lingua,es_ar
GEM/wiki_lingua,es_en
GEM/wiki_lingua,es_fr
GEM/wiki_lingua,es_hi
GEM/wiki_lingua,es_id
GEM/wiki_lingua,es_pt
GEM/wiki_lingua,es_vi
GEM/wiki_lingua,es_zh
GEM/wiki_lingua,fr_ar
GEM/wiki_lingua,fr_en
GEM/wiki_lingua,fr_es
GEM/wiki_lingua,fr_hi
GEM/wiki_lingua,fr_id
GEM/wiki_lingua,fr_pt
GEM/wiki_lingua,fr_vi
GEM/wiki_lingua,fr_zh
GEM/wiki_lingua,hi_ar
GEM/wiki_lingua,hi_en
GEM/wiki_lingua,hi_es
GEM/wiki_lingua,hi_fr
GEM/wiki_lingua,hi_id
GEM/wiki_lingua,hi_pt
GEM/wiki_lingua,hi_vi
GEM/wiki_lingua,hi_zh
GEM/wiki_lingua,id_ar
GEM/wiki_lingua,id_en
GEM/wiki_lingua,id_es
GEM/wiki_lingua,id_fr
GEM/wiki_lingua,id_hi
GEM/wiki_lingua,id_pt
GEM/wiki_lingua,id_vi
GEM/wiki_lingua,id_zh
GEM/wiki_lingua,pt_ar
GEM/wiki_lingua,pt_en
GEM/wiki_lingua,pt_es
GEM/wiki_lingua,pt_fr
GEM/wiki_lingua,pt_hi
GEM/wiki_lingua,pt_id
GEM/wiki_lingua,pt_vi
GEM/wiki_lingua,pt_zh
GEM/wiki_lingua,vi_ar
GEM/wiki_lingua,vi_en
GEM/wiki_lingua,vi_es
GEM/wiki_lingua,vi_fr
GEM/wiki_lingua,vi_hi
GEM/wiki_lingua,vi_id
GEM/wiki_lingua,vi_pt
GEM/wiki_lingua,vi_zh
GEM/wiki_lingua,zh_ar
GEM/wiki_lingua,zh_en
GEM/wiki_lingua,zh_es
GEM/wiki_lingua,zh_fr
GEM/wiki_lingua,zh_hi
GEM/wiki_lingua,zh_id
GEM/wiki_lingua,zh_pt
GEM/wiki_lingua,zh_vi
facebook/flores,aka_Latn-asm_Beng
facebook/flores,aka_Latn-bam_Latn
facebook/flores,aka_Latn-ben_Beng
facebook/flores,aka_Latn-cat_Latn
facebook/flores,aka_Latn-eng_Latn
facebook/flores,aka_Latn-eus_Latn
facebook/flores,aka_Latn-fon_Latn
facebook/flores,aka_Latn-fra_Latn
facebook/flores,aka_Latn-guj_Gujr
facebook/flores,aka_Latn-hin_Deva
facebook/flores,aka_Latn-ibo_Latn
facebook/flores,aka_Latn-ind_Latn
facebook/flores,aka_Latn-kan_Knda
facebook/flores,aka_Latn-kik_Latn
facebook/flores,aka_Latn-kin_Latn
facebook/flores,aka_Latn-lin_Latn
facebook/flores,aka_Latn-lug_Latn
facebook/flores,aka_Latn-mal_Mlym
facebook/flores,aka_Latn-mar_Deva
facebook/flores,aka_Latn-npi_Deva
facebook/flores,aka_Latn-nso_Latn
facebook/flores,aka_Latn-nya_Latn
facebook/flores,aka_Latn-ory_Orya
facebook/flores,aka_Latn-pan_Guru
facebook/flores,aka_Latn-por_Latn
facebook/flores,aka_Latn-run_Latn
facebook/flores,aka_Latn-sna_Latn
facebook/flores,aka_Latn-sot_Latn
facebook/flores,aka_Latn-spa_Latn
facebook/flores,aka_Latn-swh_Latn
facebook/flores,aka_Latn-tam_Taml
facebook/flores,aka_Latn-tel_Telu
facebook/flores,aka_Latn-tsn_Latn
facebook/flores,aka_Latn-tso_Latn
facebook/flores,aka_Latn-tum_Latn
facebook/flores,aka_Latn-twi_Latn
facebook/flores,aka_Latn-urd_Arab
facebook/flores,aka_Latn-vie_Latn
facebook/flores,aka_Latn-wol_Latn
facebook/flores,aka_Latn-xho_Latn
facebook/flores,aka_Latn-yor_Latn
facebook/flores,aka_Latn-zho_Hans
facebook/flores,aka_Latn-zho_Hant
facebook/flores,aka_Latn-zul_Latn
facebook/flores,asm_Beng-aka_Latn
facebook/flores,asm_Beng-bam_Latn
facebook/flores,asm_Beng-ben_Beng
facebook/flores,asm_Beng-cat_Latn
facebook/flores,asm_Beng-eng_Latn
facebook/flores,asm_Beng-eus_Latn
facebook/flores,asm_Beng-fon_Latn
facebook/flores,asm_Beng-fra_Latn
facebook/flores,asm_Beng-guj_Gujr
facebook/flores,asm_Beng-hin_Deva
facebook/flores,asm_Beng-ibo_Latn
facebook/flores,asm_Beng-ind_Latn
facebook/flores,asm_Beng-kan_Knda
facebook/flores,asm_Beng-kik_Latn
facebook/flores,asm_Beng-kin_Latn
facebook/flores,asm_Beng-lin_Latn
facebook/flores,asm_Beng-lug_Latn
facebook/flores,asm_Beng-mal_Mlym
facebook/flores,asm_Beng-mar_Deva
facebook/flores,asm_Beng-npi_Deva
facebook/flores,asm_Beng-nso_Latn
facebook/flores,asm_Beng-nya_Latn
facebook/flores,asm_Beng-ory_Orya
facebook/flores,asm_Beng-pan_Guru
facebook/flores,asm_Beng-por_Latn
facebook/flores,asm_Beng-run_Latn
facebook/flores,asm_Beng-sna_Latn
facebook/flores,asm_Beng-sot_Latn
facebook/flores,asm_Beng-spa_Latn
facebook/flores,asm_Beng-swh_Latn
facebook/flores,asm_Beng-tam_Taml
facebook/flores,asm_Beng-tel_Telu
facebook/flores,asm_Beng-tsn_Latn
facebook/flores,asm_Beng-tso_Latn
facebook/flores,asm_Beng-tum_Latn
facebook/flores,asm_Beng-twi_Latn
facebook/flores,asm_Beng-urd_Arab
facebook/flores,asm_Beng-vie_Latn
facebook/flores,asm_Beng-wol_Latn
facebook/flores,asm_Beng-xho_Latn
facebook/flores,asm_Beng-yor_Latn
facebook/flores,asm_Beng-zho_Hans
facebook/flores,asm_Beng-zho_Hant
facebook/flores,asm_Beng-zul_Latn
facebook/flores,bam_Latn-aka_Latn
facebook/flores,bam_Latn-asm_Beng
facebook/flores,bam_Latn-ben_Beng
facebook/flores,bam_Latn-cat_Latn
facebook/flores,bam_Latn-eng_Latn
facebook/flores,bam_Latn-eus_Latn
facebook/flores,bam_Latn-fon_Latn
facebook/flores,bam_Latn-fra_Latn
facebook/flores,bam_Latn-guj_Gujr
facebook/flores,bam_Latn-hin_Deva
facebook/flores,bam_Latn-ibo_Latn
facebook/flores,bam_Latn-ind_Latn
facebook/flores,bam_Latn-kan_Knda
facebook/flores,bam_Latn-kik_Latn
facebook/flores,bam_Latn-kin_Latn
facebook/flores,bam_Latn-lin_Latn
facebook/flores,bam_Latn-lug_Latn
facebook/flores,bam_Latn-mal_Mlym
facebook/flores,bam_Latn-mar_Deva
facebook/flores,bam_Latn-npi_Deva
facebook/flores,bam_Latn-nso_Latn
facebook/flores,bam_Latn-nya_Latn
facebook/flores,bam_Latn-ory_Orya
facebook/flores,bam_Latn-pan_Guru
facebook/flores,bam_Latn-por_Latn
facebook/flores,bam_Latn-run_Latn
facebook/flores,bam_Latn-sna_Latn
facebook/flores,bam_Latn-sot_Latn
facebook/flores,bam_Latn-spa_Latn
facebook/flores,bam_Latn-swh_Latn
facebook/flores,bam_Latn-tam_Taml
facebook/flores,bam_Latn-tel_Telu
facebook/flores,bam_Latn-tsn_Latn
facebook/flores,bam_Latn-tso_Latn
facebook/flores,bam_Latn-tum_Latn
facebook/flores,bam_Latn-twi_Latn
facebook/flores,bam_Latn-urd_Arab
facebook/flores,bam_Latn-vie_Latn
facebook/flores,bam_Latn-wol_Latn
facebook/flores,bam_Latn-xho_Latn
facebook/flores,bam_Latn-yor_Latn
facebook/flores,bam_Latn-zho_Hans
facebook/flores,bam_Latn-zho_Hant
facebook/flores,bam_Latn-zul_Latn
facebook/flores,ben_Beng-aka_Latn
facebook/flores,ben_Beng-asm_Beng
facebook/flores,ben_Beng-bam_Latn
facebook/flores,ben_Beng-cat_Latn
facebook/flores,ben_Beng-eng_Latn
facebook/flores,ben_Beng-eus_Latn
facebook/flores,ben_Beng-fon_Latn
facebook/flores,ben_Beng-fra_Latn
facebook/flores,ben_Beng-guj_Gujr
facebook/flores,ben_Beng-hin_Deva
facebook/flores,ben_Beng-ibo_Latn
facebook/flores,ben_Beng-ind_Latn
facebook/flores,ben_Beng-kan_Knda
facebook/flores,ben_Beng-kik_Latn
facebook/flores,ben_Beng-kin_Latn
facebook/flores,ben_Beng-lin_Latn
facebook/flores,ben_Beng-lug_Latn
facebook/flores,ben_Beng-mal_Mlym
facebook/flores,ben_Beng-mar_Deva
facebook/flores,ben_Beng-npi_Deva
facebook/flores,ben_Beng-nso_Latn
facebook/flores,ben_Beng-nya_Latn
facebook/flores,ben_Beng-ory_Orya
facebook/flores,ben_Beng-pan_Guru
facebook/flores,ben_Beng-por_Latn
facebook/flores,ben_Beng-run_Latn
facebook/flores,ben_Beng-sna_Latn
facebook/flores,ben_Beng-sot_Latn
facebook/flores,ben_Beng-spa_Latn
facebook/flores,ben_Beng-swh_Latn
facebook/flores,ben_Beng-tam_Taml
facebook/flores,ben_Beng-tel_Telu
facebook/flores,ben_Beng-tsn_Latn
facebook/flores,ben_Beng-tso_Latn
facebook/flores,ben_Beng-tum_Latn
facebook/flores,ben_Beng-twi_Latn
facebook/flores,ben_Beng-urd_Arab
facebook/flores,ben_Beng-vie_Latn
facebook/flores,ben_Beng-wol_Latn
facebook/flores,ben_Beng-xho_Latn
facebook/flores,ben_Beng-yor_Latn
facebook/flores,ben_Beng-zho_Hans
facebook/flores,ben_Beng-zho_Hant
facebook/flores,ben_Beng-zul_Latn
facebook/flores,cat_Latn-aka_Latn
facebook/flores,cat_Latn-asm_Beng
facebook/flores,cat_Latn-bam_Latn
facebook/flores,cat_Latn-ben_Beng
facebook/flores,cat_Latn-eng_Latn
facebook/flores,cat_Latn-eus_Latn
facebook/flores,cat_Latn-fon_Latn
facebook/flores,cat_Latn-fra_Latn
facebook/flores,cat_Latn-guj_Gujr
facebook/flores,cat_Latn-hin_Deva
facebook/flores,cat_Latn-ibo_Latn
facebook/flores,cat_Latn-ind_Latn
facebook/flores,cat_Latn-kan_Knda
facebook/flores,cat_Latn-kik_Latn
facebook/flores,cat_Latn-kin_Latn
facebook/flores,cat_Latn-lin_Latn
facebook/flores,cat_Latn-lug_Latn
facebook/flores,cat_Latn-mal_Mlym
facebook/flores,cat_Latn-mar_Deva
facebook/flores,cat_Latn-npi_Deva
facebook/flores,cat_Latn-nso_Latn
facebook/flores,cat_Latn-nya_Latn
facebook/flores,cat_Latn-ory_Orya
facebook/flores,cat_Latn-pan_Guru
facebook/flores,cat_Latn-por_Latn
facebook/flores,cat_Latn-run_Latn
facebook/flores,cat_Latn-sna_Latn
facebook/flores,cat_Latn-sot_Latn
facebook/flores,cat_Latn-spa_Latn
facebook/flores,cat_Latn-swh_Latn
facebook/flores,cat_Latn-tam_Taml
facebook/flores,cat_Latn-tel_Telu
facebook/flores,cat_Latn-tsn_Latn
facebook/flores,cat_Latn-tso_Latn
facebook/flores,cat_Latn-tum_Latn
facebook/flores,cat_Latn-twi_Latn
facebook/flores,cat_Latn-urd_Arab
facebook/flores,cat_Latn-vie_Latn
facebook/flores,cat_Latn-wol_Latn
facebook/flores,cat_Latn-xho_Latn
facebook/flores,cat_Latn-yor_Latn
facebook/flores,cat_Latn-zho_Hans
facebook/flores,cat_Latn-zho_Hant
facebook/flores,cat_Latn-zul_Latn
facebook/flores,eng_Latn-aka_Latn
facebook/flores,eng_Latn-asm_Beng
facebook/flores,eng_Latn-bam_Latn
facebook/flores,eng_Latn-ben_Beng
facebook/flores,eng_Latn-cat_Latn
facebook/flores,eng_Latn-eus_Latn
facebook/flores,eng_Latn-fon_Latn
facebook/flores,eng_Latn-fra_Latn
facebook/flores,eng_Latn-guj_Gujr
facebook/flores,eng_Latn-hin_Deva
facebook/flores,eng_Latn-ibo_Latn
facebook/flores,eng_Latn-ind_Latn
facebook/flores,eng_Latn-kan_Knda
facebook/flores,eng_Latn-kik_Latn
facebook/flores,eng_Latn-kin_Latn
facebook/flores,eng_Latn-lin_Latn
facebook/flores,eng_Latn-lug_Latn
facebook/flores,eng_Latn-mal_Mlym
facebook/flores,eng_Latn-mar_Deva
facebook/flores,eng_Latn-npi_Deva
facebook/flores,eng_Latn-nso_Latn
facebook/flores,eng_Latn-nya_Latn
facebook/flores,eng_Latn-ory_Orya
facebook/flores,eng_Latn-pan_Guru
facebook/flores,eng_Latn-por_Latn
facebook/flores,eng_Latn-run_Latn
facebook/flores,eng_Latn-sna_Latn
facebook/flores,eng_Latn-sot_Latn
facebook/flores,eng_Latn-spa_Latn
facebook/flores,eng_Latn-swh_Latn
facebook/flores,eng_Latn-tam_Taml
facebook/flores,eng_Latn-tel_Telu
facebook/flores,eng_Latn-tsn_Latn
facebook/flores,eng_Latn-tso_Latn
facebook/flores,eng_Latn-tum_Latn
facebook/flores,eng_Latn-twi_Latn
facebook/flores,eng_Latn-urd_Arab
facebook/flores,eng_Latn-vie_Latn
facebook/flores,eng_Latn-wol_Latn
facebook/flores,eng_Latn-xho_Latn
facebook/flores,eng_Latn-yor_Latn
facebook/flores,eng_Latn-zho_Hans
facebook/flores,eng_Latn-zho_Hant
facebook/flores,eng_Latn-zul_Latn
facebook/flores,eus_Latn-aka_Latn
facebook/flores,eus_Latn-asm_Beng
facebook/flores,eus_Latn-bam_Latn
facebook/flores,eus_Latn-ben_Beng
facebook/flores,eus_Latn-cat_Latn
facebook/flores,eus_Latn-eng_Latn
facebook/flores,eus_Latn-fon_Latn
facebook/flores,eus_Latn-fra_Latn
facebook/flores,eus_Latn-guj_Gujr
facebook/flores,eus_Latn-hin_Deva
facebook/flores,eus_Latn-ibo_Latn
facebook/flores,eus_Latn-ind_Latn
facebook/flores,eus_Latn-kan_Knda
facebook/flores,eus_Latn-kik_Latn
facebook/flores,eus_Latn-kin_Latn
facebook/flores,eus_Latn-lin_Latn
facebook/flores,eus_Latn-lug_Latn
facebook/flores,eus_Latn-mal_Mlym
facebook/flores,eus_Latn-mar_Deva
facebook/flores,eus_Latn-npi_Deva
facebook/flores,eus_Latn-nso_Latn
facebook/flores,eus_Latn-nya_Latn
facebook/flores,eus_Latn-ory_Orya
facebook/flores,eus_Latn-pan_Guru
facebook/flores,eus_Latn-por_Latn
facebook/flores,eus_Latn-run_Latn
facebook/flores,eus_Latn-sna_Latn
facebook/flores,eus_Latn-sot_Latn
facebook/flores,eus_Latn-spa_Latn
facebook/flores,eus_Latn-swh_Latn
facebook/flores,eus_Latn-tam_Taml
facebook/flores,eus_Latn-tel_Telu
facebook/flores,eus_Latn-tsn_Latn
facebook/flores,eus_Latn-tso_Latn
facebook/flores,eus_Latn-tum_Latn
facebook/flores,eus_Latn-twi_Latn
facebook/flores,eus_Latn-urd_Arab
facebook/flores,eus_Latn-vie_Latn
facebook/flores,eus_Latn-wol_Latn
facebook/flores,eus_Latn-xho_Latn
facebook/flores,eus_Latn-yor_Latn
facebook/flores,eus_Latn-zho_Hans
facebook/flores,eus_Latn-zho_Hant
facebook/flores,eus_Latn-zul_Latn
facebook/flores,fon_Latn-aka_Latn
facebook/flores,fon_Latn-asm_Beng
facebook/flores,fon_Latn-bam_Latn
facebook/flores,fon_Latn-ben_Beng
facebook/flores,fon_Latn-cat_Latn
facebook/flores,fon_Latn-eng_Latn
facebook/flores,fon_Latn-eus_Latn
facebook/flores,fon_Latn-fra_Latn
facebook/flores,fon_Latn-guj_Gujr
facebook/flores,fon_Latn-hin_Deva
facebook/flores,fon_Latn-ibo_Latn
facebook/flores,fon_Latn-ind_Latn
facebook/flores,fon_Latn-kan_Knda
facebook/flores,fon_Latn-kik_Latn
facebook/flores,fon_Latn-kin_Latn
facebook/flores,fon_Latn-lin_Latn
facebook/flores,fon_Latn-lug_Latn
facebook/flores,fon_Latn-mal_Mlym
facebook/flores,fon_Latn-mar_Deva
facebook/flores,fon_Latn-npi_Deva
facebook/flores,fon_Latn-nso_Latn
facebook/flores,fon_Latn-nya_Latn
facebook/flores,fon_Latn-ory_Orya
facebook/flores,fon_Latn-pan_Guru
facebook/flores,fon_Latn-por_Latn
facebook/flores,fon_Latn-run_Latn
facebook/flores,fon_Latn-sna_Latn
facebook/flores,fon_Latn-sot_Latn
facebook/flores,fon_Latn-spa_Latn
facebook/flores,fon_Latn-swh_Latn
facebook/flores,fon_Latn-tam_Taml
facebook/flores,fon_Latn-tel_Telu
facebook/flores,fon_Latn-tsn_Latn
facebook/flores,fon_Latn-tso_Latn
facebook/flores,fon_Latn-tum_Latn
facebook/flores,fon_Latn-twi_Latn
facebook/flores,fon_Latn-urd_Arab
facebook/flores,fon_Latn-vie_Latn
facebook/flores,fon_Latn-wol_Latn
facebook/flores,fon_Latn-xho_Latn
facebook/flores,fon_Latn-yor_Latn
facebook/flores,fon_Latn-zho_Hans
facebook/flores,fon_Latn-zho_Hant
facebook/flores,fon_Latn-zul_Latn
facebook/flores,fra_Latn-aka_Latn
facebook/flores,fra_Latn-asm_Beng
facebook/flores,fra_Latn-bam_Latn
facebook/flores,fra_Latn-ben_Beng
facebook/flores,fra_Latn-cat_Latn
facebook/flores,fra_Latn-eng_Latn
facebook/flores,fra_Latn-eus_Latn
facebook/flores,fra_Latn-fon_Latn
facebook/flores,fra_Latn-guj_Gujr
facebook/flores,fra_Latn-hin_Deva
facebook/flores,fra_Latn-ibo_Latn
facebook/flores,fra_Latn-ind_Latn
facebook/flores,fra_Latn-kan_Knda
facebook/flores,fra_Latn-kik_Latn
facebook/flores,fra_Latn-kin_Latn
facebook/flores,fra_Latn-lin_Latn
facebook/flores,fra_Latn-lug_Latn
facebook/flores,fra_Latn-mal_Mlym
facebook/flores,fra_Latn-mar_Deva
facebook/flores,fra_Latn-npi_Deva
facebook/flores,fra_Latn-nso_Latn
facebook/flores,fra_Latn-nya_Latn
facebook/flores,fra_Latn-ory_Orya
facebook/flores,fra_Latn-pan_Guru
facebook/flores,fra_Latn-por_Latn
facebook/flores,fra_Latn-run_Latn
facebook/flores,fra_Latn-sna_Latn
facebook/flores,fra_Latn-sot_Latn
facebook/flores,fra_Latn-spa_Latn
facebook/flores,fra_Latn-swh_Latn
facebook/flores,fra_Latn-tam_Taml
facebook/flores,fra_Latn-tel_Telu
facebook/flores,fra_Latn-tsn_Latn
facebook/flores,fra_Latn-tso_Latn
facebook/flores,fra_Latn-tum_Latn
facebook/flores,fra_Latn-twi_Latn
facebook/flores,fra_Latn-urd_Arab
facebook/flores,fra_Latn-vie_Latn
facebook/flores,fra_Latn-wol_Latn
facebook/flores,fra_Latn-xho_Latn
facebook/flores,fra_Latn-yor_Latn
facebook/flores,fra_Latn-zho_Hans
facebook/flores,fra_Latn-zho_Hant
facebook/flores,fra_Latn-zul_Latn
facebook/flores,guj_Gujr-aka_Latn
facebook/flores,guj_Gujr-asm_Beng
facebook/flores,guj_Gujr-bam_Latn
facebook/flores,guj_Gujr-ben_Beng
facebook/flores,guj_Gujr-cat_Latn
facebook/flores,guj_Gujr-eng_Latn
facebook/flores,guj_Gujr-eus_Latn
facebook/flores,guj_Gujr-fon_Latn
facebook/flores,guj_Gujr-fra_Latn
facebook/flores,guj_Gujr-hin_Deva
facebook/flores,guj_Gujr-ibo_Latn
facebook/flores,guj_Gujr-ind_Latn
facebook/flores,guj_Gujr-kan_Knda
facebook/flores,guj_Gujr-kik_Latn
facebook/flores,guj_Gujr-kin_Latn
facebook/flores,guj_Gujr-lin_Latn
facebook/flores,guj_Gujr-lug_Latn
facebook/flores,guj_Gujr-mal_Mlym
facebook/flores,guj_Gujr-mar_Deva
facebook/flores,guj_Gujr-npi_Deva
facebook/flores,guj_Gujr-nso_Latn
facebook/flores,guj_Gujr-nya_Latn
facebook/flores,guj_Gujr-ory_Orya
facebook/flores,guj_Gujr-pan_Guru
facebook/flores,guj_Gujr-por_Latn
facebook/flores,guj_Gujr-run_Latn
facebook/flores,guj_Gujr-sna_Latn
facebook/flores,guj_Gujr-sot_Latn
facebook/flores,guj_Gujr-spa_Latn
facebook/flores,guj_Gujr-swh_Latn
facebook/flores,guj_Gujr-tam_Taml
facebook/flores,guj_Gujr-tel_Telu
facebook/flores,guj_Gujr-tsn_Latn
facebook/flores,guj_Gujr-tso_Latn
facebook/flores,guj_Gujr-tum_Latn
facebook/flores,guj_Gujr-twi_Latn
facebook/flores,guj_Gujr-urd_Arab
facebook/flores,guj_Gujr-vie_Latn
facebook/flores,guj_Gujr-wol_Latn
facebook/flores,guj_Gujr-xho_Latn
facebook/flores,guj_Gujr-yor_Latn
facebook/flores,guj_Gujr-zho_Hans
facebook/flores,guj_Gujr-zho_Hant
facebook/flores,guj_Gujr-zul_Latn
facebook/flores,hin_Deva-aka_Latn
facebook/flores,hin_Deva-asm_Beng
facebook/flores,hin_Deva-bam_Latn
facebook/flores,hin_Deva-ben_Beng
facebook/flores,hin_Deva-cat_Latn
facebook/flores,hin_Deva-eng_Latn
facebook/flores,hin_Deva-eus_Latn
facebook/flores,hin_Deva-fon_Latn
facebook/flores,hin_Deva-fra_Latn
facebook/flores,hin_Deva-guj_Gujr
facebook/flores,hin_Deva-ibo_Latn
facebook/flores,hin_Deva-ind_Latn
facebook/flores,hin_Deva-kan_Knda
facebook/flores,hin_Deva-kik_Latn
facebook/flores,hin_Deva-kin_Latn
facebook/flores,hin_Deva-lin_Latn
facebook/flores,hin_Deva-lug_Latn
facebook/flores,hin_Deva-mal_Mlym
facebook/flores,hin_Deva-mar_Deva
facebook/flores,hin_Deva-npi_Deva
facebook/flores,hin_Deva-nso_Latn
facebook/flores,hin_Deva-nya_Latn
facebook/flores,hin_Deva-ory_Orya
facebook/flores,hin_Deva-pan_Guru
facebook/flores,hin_Deva-por_Latn
facebook/flores,hin_Deva-run_Latn
facebook/flores,hin_Deva-sna_Latn
facebook/flores,hin_Deva-sot_Latn
facebook/flores,hin_Deva-spa_Latn
facebook/flores,hin_Deva-swh_Latn
facebook/flores,hin_Deva-tam_Taml
facebook/flores,hin_Deva-tel_Telu
facebook/flores,hin_Deva-tsn_Latn
facebook/flores,hin_Deva-tso_Latn
facebook/flores,hin_Deva-tum_Latn
facebook/flores,hin_Deva-twi_Latn
facebook/flores,hin_Deva-urd_Arab
facebook/flores,hin_Deva-vie_Latn
facebook/flores,hin_Deva-wol_Latn
facebook/flores,hin_Deva-xho_Latn
facebook/flores,hin_Deva-yor_Latn
facebook/flores,hin_Deva-zho_Hans
facebook/flores,hin_Deva-zho_Hant
facebook/flores,hin_Deva-zul_Latn
facebook/flores,ibo_Latn-aka_Latn
facebook/flores,ibo_Latn-asm_Beng
facebook/flores,ibo_Latn-bam_Latn
facebook/flores,ibo_Latn-ben_Beng
facebook/flores,ibo_Latn-cat_Latn
facebook/flores,ibo_Latn-eng_Latn
facebook/flores,ibo_Latn-eus_Latn
facebook/flores,ibo_Latn-fon_Latn
facebook/flores,ibo_Latn-fra_Latn
facebook/flores,ibo_Latn-guj_Gujr
facebook/flores,ibo_Latn-hin_Deva
facebook/flores,ibo_Latn-ind_Latn
facebook/flores,ibo_Latn-kan_Knda
facebook/flores,ibo_Latn-kik_Latn
facebook/flores,ibo_Latn-kin_Latn
facebook/flores,ibo_Latn-lin_Latn
facebook/flores,ibo_Latn-lug_Latn
facebook/flores,ibo_Latn-mal_Mlym
facebook/flores,ibo_Latn-mar_Deva
facebook/flores,ibo_Latn-npi_Deva
facebook/flores,ibo_Latn-nso_Latn
facebook/flores,ibo_Latn-nya_Latn
facebook/flores,ibo_Latn-ory_Orya
facebook/flores,ibo_Latn-pan_Guru
facebook/flores,ibo_Latn-por_Latn
facebook/flores,ibo_Latn-run_Latn
facebook/flores,ibo_Latn-sna_Latn
facebook/flores,ibo_Latn-sot_Latn
facebook/flores,ibo_Latn-spa_Latn
facebook/flores,ibo_Latn-swh_Latn
facebook/flores,ibo_Latn-tam_Taml
facebook/flores,ibo_Latn-tel_Telu
facebook/flores,ibo_Latn-tsn_Latn
facebook/flores,ibo_Latn-tso_Latn
facebook/flores,ibo_Latn-tum_Latn
facebook/flores,ibo_Latn-twi_Latn
facebook/flores,ibo_Latn-urd_Arab
facebook/flores,ibo_Latn-vie_Latn
facebook/flores,ibo_Latn-wol_Latn
facebook/flores,ibo_Latn-xho_Latn
facebook/flores,ibo_Latn-yor_Latn
facebook/flores,ibo_Latn-zho_Hans
facebook/flores,ibo_Latn-zho_Hant
facebook/flores,ibo_Latn-zul_Latn
facebook/flores,ind_Latn-aka_Latn
facebook/flores,ind_Latn-asm_Beng
facebook/flores,ind_Latn-bam_Latn
facebook/flores,ind_Latn-ben_Beng
facebook/flores,ind_Latn-cat_Latn
facebook/flores,ind_Latn-eng_Latn
facebook/flores,ind_Latn-eus_Latn
facebook/flores,ind_Latn-fon_Latn
facebook/flores,ind_Latn-fra_Latn
facebook/flores,ind_Latn-guj_Gujr
facebook/flores,ind_Latn-hin_Deva
facebook/flores,ind_Latn-ibo_Latn
facebook/flores,ind_Latn-kan_Knda
facebook/flores,ind_Latn-kik_Latn
facebook/flores,ind_Latn-kin_Latn
facebook/flores,ind_Latn-lin_Latn
facebook/flores,ind_Latn-lug_Latn
facebook/flores,ind_Latn-mal_Mlym
facebook/flores,ind_Latn-mar_Deva
facebook/flores,ind_Latn-npi_Deva
facebook/flores,ind_Latn-nso_Latn
facebook/flores,ind_Latn-nya_Latn
facebook/flores,ind_Latn-ory_Orya
facebook/flores,ind_Latn-pan_Guru
facebook/flores,ind_Latn-por_Latn
facebook/flores,ind_Latn-run_Latn
facebook/flores,ind_Latn-sna_Latn
facebook/flores,ind_Latn-sot_Latn
facebook/flores,ind_Latn-spa_Latn
facebook/flores,ind_Latn-swh_Latn
facebook/flores,ind_Latn-tam_Taml
facebook/flores,ind_Latn-tel_Telu
facebook/flores,ind_Latn-tsn_Latn
facebook/flores,ind_Latn-tso_Latn
facebook/flores,ind_Latn-tum_Latn
facebook/flores,ind_Latn-twi_Latn
facebook/flores,ind_Latn-urd_Arab
facebook/flores,ind_Latn-vie_Latn
facebook/flores,ind_Latn-wol_Latn
facebook/flores,ind_Latn-xho_Latn
facebook/flores,ind_Latn-yor_Latn
facebook/flores,ind_Latn-zho_Hans
facebook/flores,ind_Latn-zho_Hant
facebook/flores,ind_Latn-zul_Latn
facebook/flores,kan_Knda-aka_Latn
facebook/flores,kan_Knda-asm_Beng
facebook/flores,kan_Knda-bam_Latn
facebook/flores,kan_Knda-ben_Beng
facebook/flores,kan_Knda-cat_Latn
facebook/flores,kan_Knda-eng_Latn
facebook/flores,kan_Knda-eus_Latn
facebook/flores,kan_Knda-fon_Latn
facebook/flores,kan_Knda-fra_Latn
facebook/flores,kan_Knda-guj_Gujr
facebook/flores,kan_Knda-hin_Deva
facebook/flores,kan_Knda-ibo_Latn
facebook/flores,kan_Knda-ind_Latn
facebook/flores,kan_Knda-kik_Latn
facebook/flores,kan_Knda-kin_Latn
facebook/flores,kan_Knda-lin_Latn
facebook/flores,kan_Knda-lug_Latn
facebook/flores,kan_Knda-mal_Mlym
facebook/flores,kan_Knda-mar_Deva
facebook/flores,kan_Knda-npi_Deva
facebook/flores,kan_Knda-nso_Latn
facebook/flores,kan_Knda-nya_Latn
facebook/flores,kan_Knda-ory_Orya
facebook/flores,kan_Knda-pan_Guru
facebook/flores,kan_Knda-por_Latn
facebook/flores,kan_Knda-run_Latn
facebook/flores,kan_Knda-sna_Latn
facebook/flores,kan_Knda-sot_Latn
facebook/flores,kan_Knda-spa_Latn
facebook/flores,kan_Knda-swh_Latn
facebook/flores,kan_Knda-tam_Taml
facebook/flores,kan_Knda-tel_Telu
facebook/flores,kan_Knda-tsn_Latn
facebook/flores,kan_Knda-tso_Latn
facebook/flores,kan_Knda-tum_Latn
facebook/flores,kan_Knda-twi_Latn
facebook/flores,kan_Knda-urd_Arab
facebook/flores,kan_Knda-vie_Latn
facebook/flores,kan_Knda-wol_Latn
facebook/flores,kan_Knda-xho_Latn
facebook/flores,kan_Knda-yor_Latn
facebook/flores,kan_Knda-zho_Hans
facebook/flores,kan_Knda-zho_Hant
facebook/flores,kan_Knda-zul_Latn
facebook/flores,kik_Latn-aka_Latn
facebook/flores,kik_Latn-asm_Beng
facebook/flores,kik_Latn-bam_Latn
facebook/flores,kik_Latn-ben_Beng
facebook/flores,kik_Latn-cat_Latn
facebook/flores,kik_Latn-eng_Latn
facebook/flores,kik_Latn-eus_Latn
facebook/flores,kik_Latn-fon_Latn
facebook/flores,kik_Latn-fra_Latn
facebook/flores,kik_Latn-guj_Gujr
facebook/flores,kik_Latn-hin_Deva
facebook/flores,kik_Latn-ibo_Latn
facebook/flores,kik_Latn-ind_Latn
facebook/flores,kik_Latn-kan_Knda
facebook/flores,kik_Latn-kin_Latn
facebook/flores,kik_Latn-lin_Latn
facebook/flores,kik_Latn-lug_Latn
facebook/flores,kik_Latn-mal_Mlym
facebook/flores,kik_Latn-mar_Deva
facebook/flores,kik_Latn-npi_Deva
facebook/flores,kik_Latn-nso_Latn
facebook/flores,kik_Latn-nya_Latn
facebook/flores,kik_Latn-ory_Orya
facebook/flores,kik_Latn-pan_Guru
facebook/flores,kik_Latn-por_Latn
facebook/flores,kik_Latn-run_Latn
facebook/flores,kik_Latn-sna_Latn
facebook/flores,kik_Latn-sot_Latn
facebook/flores,kik_Latn-spa_Latn
facebook/flores,kik_Latn-swh_Latn
facebook/flores,kik_Latn-tam_Taml
facebook/flores,kik_Latn-tel_Telu
facebook/flores,kik_Latn-tsn_Latn
facebook/flores,kik_Latn-tso_Latn
facebook/flores,kik_Latn-tum_Latn
facebook/flores,kik_Latn-twi_Latn
facebook/flores,kik_Latn-urd_Arab
facebook/flores,kik_Latn-vie_Latn
facebook/flores,kik_Latn-wol_Latn
facebook/flores,kik_Latn-xho_Latn
facebook/flores,kik_Latn-yor_Latn
facebook/flores,kik_Latn-zho_Hans
facebook/flores,kik_Latn-zho_Hant
facebook/flores,kik_Latn-zul_Latn
facebook/flores,kin_Latn-aka_Latn
facebook/flores,kin_Latn-asm_Beng
facebook/flores,kin_Latn-bam_Latn
facebook/flores,kin_Latn-ben_Beng
facebook/flores,kin_Latn-cat_Latn
facebook/flores,kin_Latn-eng_Latn
facebook/flores,kin_Latn-eus_Latn
facebook/flores,kin_Latn-fon_Latn
facebook/flores,kin_Latn-fra_Latn
facebook/flores,kin_Latn-guj_Gujr
facebook/flores,kin_Latn-hin_Deva
facebook/flores,kin_Latn-ibo_Latn
facebook/flores,kin_Latn-ind_Latn
facebook/flores,kin_Latn-kan_Knda
facebook/flores,kin_Latn-kik_Latn
facebook/flores,kin_Latn-lin_Latn
facebook/flores,kin_Latn-lug_Latn
facebook/flores,kin_Latn-mal_Mlym
facebook/flores,kin_Latn-mar_Deva
facebook/flores,kin_Latn-npi_Deva
facebook/flores,kin_Latn-nso_Latn
facebook/flores,kin_Latn-nya_Latn
facebook/flores,kin_Latn-ory_Orya
facebook/flores,kin_Latn-pan_Guru
facebook/flores,kin_Latn-por_Latn
facebook/flores,kin_Latn-run_Latn
facebook/flores,kin_Latn-sna_Latn
facebook/flores,kin_Latn-sot_Latn
facebook/flores,kin_Latn-spa_Latn
facebook/flores,kin_Latn-swh_Latn
facebook/flores,kin_Latn-tam_Taml
facebook/flores,kin_Latn-tel_Telu
facebook/flores,kin_Latn-tsn_Latn
facebook/flores,kin_Latn-tso_Latn
facebook/flores,kin_Latn-tum_Latn
facebook/flores,kin_Latn-twi_Latn
facebook/flores,kin_Latn-urd_Arab
facebook/flores,kin_Latn-vie_Latn
facebook/flores,kin_Latn-wol_Latn
facebook/flores,kin_Latn-xho_Latn
facebook/flores,kin_Latn-yor_Latn
facebook/flores,kin_Latn-zho_Hans
facebook/flores,kin_Latn-zho_Hant
facebook/flores,kin_Latn-zul_Latn
facebook/flores,lin_Latn-aka_Latn
facebook/flores,lin_Latn-asm_Beng
facebook/flores,lin_Latn-bam_Latn
facebook/flores,lin_Latn-ben_Beng
facebook/flores,lin_Latn-cat_Latn
facebook/flores,lin_Latn-eng_Latn
facebook/flores,lin_Latn-eus_Latn
facebook/flores,lin_Latn-fon_Latn
facebook/flores,lin_Latn-fra_Latn
facebook/flores,lin_Latn-guj_Gujr
facebook/flores,lin_Latn-hin_Deva
facebook/flores,lin_Latn-ibo_Latn
facebook/flores,lin_Latn-ind_Latn
facebook/flores,lin_Latn-kan_Knda
facebook/flores,lin_Latn-kik_Latn
facebook/flores,lin_Latn-kin_Latn
facebook/flores,lin_Latn-lug_Latn
facebook/flores,lin_Latn-mal_Mlym
facebook/flores,lin_Latn-mar_Deva
facebook/flores,lin_Latn-npi_Deva
facebook/flores,lin_Latn-nso_Latn
facebook/flores,lin_Latn-nya_Latn
facebook/flores,lin_Latn-ory_Orya
facebook/flores,lin_Latn-pan_Guru
facebook/flores,lin_Latn-por_Latn
facebook/flores,lin_Latn-run_Latn
facebook/flores,lin_Latn-sna_Latn
facebook/flores,lin_Latn-sot_Latn
facebook/flores,lin_Latn-spa_Latn
facebook/flores,lin_Latn-swh_Latn
facebook/flores,lin_Latn-tam_Taml
facebook/flores,lin_Latn-tel_Telu
facebook/flores,lin_Latn-tsn_Latn
facebook/flores,lin_Latn-tso_Latn
facebook/flores,lin_Latn-tum_Latn
facebook/flores,lin_Latn-twi_Latn
facebook/flores,lin_Latn-urd_Arab
facebook/flores,lin_Latn-vie_Latn
facebook/flores,lin_Latn-wol_Latn
facebook/flores,lin_Latn-xho_Latn
facebook/flores,lin_Latn-yor_Latn
facebook/flores,lin_Latn-zho_Hans
facebook/flores,lin_Latn-zho_Hant
facebook/flores,lin_Latn-zul_Latn
facebook/flores,lug_Latn-aka_Latn
facebook/flores,lug_Latn-asm_Beng
facebook/flores,lug_Latn-bam_Latn
facebook/flores,lug_Latn-ben_Beng
facebook/flores,lug_Latn-cat_Latn
facebook/flores,lug_Latn-eng_Latn
facebook/flores,lug_Latn-eus_Latn
facebook/flores,lug_Latn-fon_Latn
facebook/flores,lug_Latn-fra_Latn
facebook/flores,lug_Latn-guj_Gujr
facebook/flores,lug_Latn-hin_Deva
facebook/flores,lug_Latn-ibo_Latn
facebook/flores,lug_Latn-ind_Latn
facebook/flores,lug_Latn-kan_Knda
facebook/flores,lug_Latn-kik_Latn
facebook/flores,lug_Latn-kin_Latn
facebook/flores,lug_Latn-lin_Latn
facebook/flores,lug_Latn-mal_Mlym
facebook/flores,lug_Latn-mar_Deva
facebook/flores,lug_Latn-npi_Deva
facebook/flores,lug_Latn-nso_Latn
facebook/flores,lug_Latn-nya_Latn
facebook/flores,lug_Latn-ory_Orya
facebook/flores,lug_Latn-pan_Guru
facebook/flores,lug_Latn-por_Latn
facebook/flores,lug_Latn-run_Latn
facebook/flores,lug_Latn-sna_Latn
facebook/flores,lug_Latn-sot_Latn
facebook/flores,lug_Latn-spa_Latn
facebook/flores,lug_Latn-swh_Latn
facebook/flores,lug_Latn-tam_Taml
facebook/flores,lug_Latn-tel_Telu
facebook/flores,lug_Latn-tsn_Latn
facebook/flores,lug_Latn-tso_Latn
facebook/flores,lug_Latn-tum_Latn
facebook/flores,lug_Latn-twi_Latn
facebook/flores,lug_Latn-urd_Arab
facebook/flores,lug_Latn-vie_Latn
facebook/flores,lug_Latn-wol_Latn
facebook/flores,lug_Latn-xho_Latn
facebook/flores,lug_Latn-yor_Latn
facebook/flores,lug_Latn-zho_Hans
facebook/flores,lug_Latn-zho_Hant
facebook/flores,lug_Latn-zul_Latn
facebook/flores,mal_Mlym-aka_Latn
facebook/flores,mal_Mlym-asm_Beng
facebook/flores,mal_Mlym-bam_Latn
facebook/flores,mal_Mlym-ben_Beng
facebook/flores,mal_Mlym-cat_Latn
facebook/flores,mal_Mlym-eng_Latn
facebook/flores,mal_Mlym-eus_Latn
facebook/flores,mal_Mlym-fon_Latn
facebook/flores,mal_Mlym-fra_Latn
facebook/flores,mal_Mlym-guj_Gujr
facebook/flores,mal_Mlym-hin_Deva
facebook/flores,mal_Mlym-ibo_Latn
facebook/flores,mal_Mlym-ind_Latn
facebook/flores,mal_Mlym-kan_Knda
facebook/flores,mal_Mlym-kik_Latn
facebook/flores,mal_Mlym-kin_Latn
facebook/flores,mal_Mlym-lin_Latn
facebook/flores,mal_Mlym-lug_Latn
facebook/flores,mal_Mlym-mar_Deva
facebook/flores,mal_Mlym-npi_Deva
facebook/flores,mal_Mlym-nso_Latn
facebook/flores,mal_Mlym-nya_Latn
facebook/flores,mal_Mlym-ory_Orya
facebook/flores,mal_Mlym-pan_Guru
facebook/flores,mal_Mlym-por_Latn
facebook/flores,mal_Mlym-run_Latn
facebook/flores,mal_Mlym-sna_Latn
facebook/flores,mal_Mlym-sot_Latn
facebook/flores,mal_Mlym-spa_Latn
facebook/flores,mal_Mlym-swh_Latn
facebook/flores,mal_Mlym-tam_Taml
facebook/flores,mal_Mlym-tel_Telu
facebook/flores,mal_Mlym-tsn_Latn
facebook/flores,mal_Mlym-tso_Latn
facebook/flores,mal_Mlym-tum_Latn
facebook/flores,mal_Mlym-twi_Latn
facebook/flores,mal_Mlym-urd_Arab
facebook/flores,mal_Mlym-vie_Latn
facebook/flores,mal_Mlym-wol_Latn
facebook/flores,mal_Mlym-xho_Latn
facebook/flores,mal_Mlym-yor_Latn
facebook/flores,mal_Mlym-zho_Hans
facebook/flores,mal_Mlym-zho_Hant
facebook/flores,mal_Mlym-zul_Latn
facebook/flores,mar_Deva-aka_Latn
facebook/flores,mar_Deva-asm_Beng
facebook/flores,mar_Deva-bam_Latn
facebook/flores,mar_Deva-ben_Beng
facebook/flores,mar_Deva-cat_Latn
facebook/flores,mar_Deva-eng_Latn
facebook/flores,mar_Deva-eus_Latn
facebook/flores,mar_Deva-fon_Latn
facebook/flores,mar_Deva-fra_Latn
facebook/flores,mar_Deva-guj_Gujr
facebook/flores,mar_Deva-hin_Deva
facebook/flores,mar_Deva-ibo_Latn
facebook/flores,mar_Deva-ind_Latn
facebook/flores,mar_Deva-kan_Knda
facebook/flores,mar_Deva-kik_Latn
facebook/flores,mar_Deva-kin_Latn
facebook/flores,mar_Deva-lin_Latn
facebook/flores,mar_Deva-lug_Latn
facebook/flores,mar_Deva-mal_Mlym
facebook/flores,mar_Deva-npi_Deva
facebook/flores,mar_Deva-nso_Latn
facebook/flores,mar_Deva-nya_Latn
facebook/flores,mar_Deva-ory_Orya
facebook/flores,mar_Deva-pan_Guru
facebook/flores,mar_Deva-por_Latn
facebook/flores,mar_Deva-run_Latn
facebook/flores,mar_Deva-sna_Latn
facebook/flores,mar_Deva-sot_Latn
facebook/flores,mar_Deva-spa_Latn
facebook/flores,mar_Deva-swh_Latn
facebook/flores,mar_Deva-tam_Taml
facebook/flores,mar_Deva-tel_Telu
facebook/flores,mar_Deva-tsn_Latn
facebook/flores,mar_Deva-tso_Latn
facebook/flores,mar_Deva-tum_Latn
facebook/flores,mar_Deva-twi_Latn
facebook/flores,mar_Deva-urd_Arab
facebook/flores,mar_Deva-vie_Latn
facebook/flores,mar_Deva-wol_Latn
facebook/flores,mar_Deva-xho_Latn
facebook/flores,mar_Deva-yor_Latn
facebook/flores,mar_Deva-zho_Hans
facebook/flores,mar_Deva-zho_Hant
facebook/flores,mar_Deva-zul_Latn
facebook/flores,npi_Deva-aka_Latn
facebook/flores,npi_Deva-asm_Beng
facebook/flores,npi_Deva-bam_Latn
facebook/flores,npi_Deva-ben_Beng
facebook/flores,npi_Deva-cat_Latn
facebook/flores,npi_Deva-eng_Latn
facebook/flores,npi_Deva-eus_Latn
facebook/flores,npi_Deva-fon_Latn
facebook/flores,npi_Deva-fra_Latn
facebook/flores,npi_Deva-guj_Gujr
facebook/flores,npi_Deva-hin_Deva
facebook/flores,npi_Deva-ibo_Latn
facebook/flores,npi_Deva-ind_Latn
facebook/flores,npi_Deva-kan_Knda
facebook/flores,npi_Deva-kik_Latn
facebook/flores,npi_Deva-kin_Latn
facebook/flores,npi_Deva-lin_Latn
facebook/flores,npi_Deva-lug_Latn
facebook/flores,npi_Deva-mal_Mlym
facebook/flores,npi_Deva-mar_Deva
facebook/flores,npi_Deva-nso_Latn
facebook/flores,npi_Deva-nya_Latn
facebook/flores,npi_Deva-ory_Orya
facebook/flores,npi_Deva-pan_Guru
facebook/flores,npi_Deva-por_Latn
facebook/flores,npi_Deva-run_Latn
facebook/flores,npi_Deva-sna_Latn
facebook/flores,npi_Deva-sot_Latn
facebook/flores,npi_Deva-spa_Latn
facebook/flores,npi_Deva-swh_Latn
facebook/flores,npi_Deva-tam_Taml
facebook/flores,npi_Deva-tel_Telu
facebook/flores,npi_Deva-tsn_Latn
facebook/flores,npi_Deva-tso_Latn
facebook/flores,npi_Deva-tum_Latn
facebook/flores,npi_Deva-twi_Latn
facebook/flores,npi_Deva-urd_Arab
facebook/flores,npi_Deva-vie_Latn
facebook/flores,npi_Deva-wol_Latn
facebook/flores,npi_Deva-xho_Latn
facebook/flores,npi_Deva-yor_Latn
facebook/flores,npi_Deva-zho_Hans
facebook/flores,npi_Deva-zho_Hant
facebook/flores,npi_Deva-zul_Latn
facebook/flores,nso_Latn-aka_Latn
facebook/flores,nso_Latn-asm_Beng
facebook/flores,nso_Latn-bam_Latn
facebook/flores,nso_Latn-ben_Beng
facebook/flores,nso_Latn-cat_Latn
facebook/flores,nso_Latn-eng_Latn
facebook/flores,nso_Latn-eus_Latn
facebook/flores,nso_Latn-fon_Latn
facebook/flores,nso_Latn-fra_Latn
facebook/flores,nso_Latn-guj_Gujr
facebook/flores,nso_Latn-hin_Deva
facebook/flores,nso_Latn-ibo_Latn
facebook/flores,nso_Latn-ind_Latn
facebook/flores,nso_Latn-kan_Knda
facebook/flores,nso_Latn-kik_Latn
facebook/flores,nso_Latn-kin_Latn
facebook/flores,nso_Latn-lin_Latn
facebook/flores,nso_Latn-lug_Latn
facebook/flores,nso_Latn-mal_Mlym
facebook/flores,nso_Latn-mar_Deva
facebook/flores,nso_Latn-npi_Deva
facebook/flores,nso_Latn-nya_Latn
facebook/flores,nso_Latn-ory_Orya
facebook/flores,nso_Latn-pan_Guru
facebook/flores,nso_Latn-por_Latn
facebook/flores,nso_Latn-run_Latn
facebook/flores,nso_Latn-sna_Latn
facebook/flores,nso_Latn-sot_Latn
facebook/flores,nso_Latn-spa_Latn
facebook/flores,nso_Latn-swh_Latn
facebook/flores,nso_Latn-tam_Taml
facebook/flores,nso_Latn-tel_Telu
facebook/flores,nso_Latn-tsn_Latn
facebook/flores,nso_Latn-tso_Latn
facebook/flores,nso_Latn-tum_Latn
facebook/flores,nso_Latn-twi_Latn
facebook/flores,nso_Latn-urd_Arab
facebook/flores,nso_Latn-vie_Latn
facebook/flores,nso_Latn-wol_Latn
facebook/flores,nso_Latn-xho_Latn
facebook/flores,nso_Latn-yor_Latn
facebook/flores,nso_Latn-zho_Hans
facebook/flores,nso_Latn-zho_Hant
facebook/flores,nso_Latn-zul_Latn
facebook/flores,nya_Latn-aka_Latn
facebook/flores,nya_Latn-asm_Beng
facebook/flores,nya_Latn-bam_Latn
facebook/flores,nya_Latn-ben_Beng
facebook/flores,nya_Latn-cat_Latn
facebook/flores,nya_Latn-eng_Latn
facebook/flores,nya_Latn-eus_Latn
facebook/flores,nya_Latn-fon_Latn
facebook/flores,nya_Latn-fra_Latn
facebook/flores,nya_Latn-guj_Gujr
facebook/flores,nya_Latn-hin_Deva
facebook/flores,nya_Latn-ibo_Latn
facebook/flores,nya_Latn-ind_Latn
facebook/flores,nya_Latn-kan_Knda
facebook/flores,nya_Latn-kik_Latn
facebook/flores,nya_Latn-kin_Latn
facebook/flores,nya_Latn-lin_Latn
facebook/flores,nya_Latn-lug_Latn
facebook/flores,nya_Latn-mal_Mlym
facebook/flores,nya_Latn-mar_Deva
facebook/flores,nya_Latn-npi_Deva
facebook/flores,nya_Latn-nso_Latn
facebook/flores,nya_Latn-ory_Orya
facebook/flores,nya_Latn-pan_Guru
facebook/flores,nya_Latn-por_Latn
facebook/flores,nya_Latn-run_Latn
facebook/flores,nya_Latn-sna_Latn
facebook/flores,nya_Latn-sot_Latn
facebook/flores,nya_Latn-spa_Latn
facebook/flores,nya_Latn-swh_Latn
facebook/flores,nya_Latn-tam_Taml
facebook/flores,nya_Latn-tel_Telu
facebook/flores,nya_Latn-tsn_Latn
facebook/flores,nya_Latn-tso_Latn
facebook/flores,nya_Latn-tum_Latn
facebook/flores,nya_Latn-twi_Latn
facebook/flores,nya_Latn-urd_Arab
facebook/flores,nya_Latn-vie_Latn
facebook/flores,nya_Latn-wol_Latn
facebook/flores,nya_Latn-xho_Latn
facebook/flores,nya_Latn-yor_Latn
facebook/flores,nya_Latn-zho_Hans
facebook/flores,nya_Latn-zho_Hant
facebook/flores,nya_Latn-zul_Latn
facebook/flores,ory_Orya-aka_Latn
facebook/flores,ory_Orya-asm_Beng
facebook/flores,ory_Orya-bam_Latn
facebook/flores,ory_Orya-ben_Beng
facebook/flores,ory_Orya-cat_Latn
facebook/flores,ory_Orya-eng_Latn
facebook/flores,ory_Orya-eus_Latn
facebook/flores,ory_Orya-fon_Latn
facebook/flores,ory_Orya-fra_Latn
facebook/flores,ory_Orya-guj_Gujr
facebook/flores,ory_Orya-hin_Deva
facebook/flores,ory_Orya-ibo_Latn
facebook/flores,ory_Orya-ind_Latn
facebook/flores,ory_Orya-kan_Knda
facebook/flores,ory_Orya-kik_Latn
facebook/flores,ory_Orya-kin_Latn
facebook/flores,ory_Orya-lin_Latn
facebook/flores,ory_Orya-lug_Latn
facebook/flores,ory_Orya-mal_Mlym
facebook/flores,ory_Orya-mar_Deva
facebook/flores,ory_Orya-npi_Deva
facebook/flores,ory_Orya-nso_Latn
facebook/flores,ory_Orya-nya_Latn
facebook/flores,ory_Orya-pan_Guru
facebook/flores,ory_Orya-por_Latn
facebook/flores,ory_Orya-run_Latn
facebook/flores,ory_Orya-sna_Latn
facebook/flores,ory_Orya-sot_Latn
facebook/flores,ory_Orya-spa_Latn
facebook/flores,ory_Orya-swh_Latn
facebook/flores,ory_Orya-tam_Taml
facebook/flores,ory_Orya-tel_Telu
facebook/flores,ory_Orya-tsn_Latn
facebook/flores,ory_Orya-tso_Latn
facebook/flores,ory_Orya-tum_Latn
facebook/flores,ory_Orya-twi_Latn
facebook/flores,ory_Orya-urd_Arab
facebook/flores,ory_Orya-vie_Latn
facebook/flores,ory_Orya-wol_Latn
facebook/flores,ory_Orya-xho_Latn
facebook/flores,ory_Orya-yor_Latn
facebook/flores,ory_Orya-zho_Hans
facebook/flores,ory_Orya-zho_Hant
facebook/flores,ory_Orya-zul_Latn
facebook/flores,pan_Guru-aka_Latn
facebook/flores,pan_Guru-asm_Beng
facebook/flores,pan_Guru-bam_Latn
facebook/flores,pan_Guru-ben_Beng
facebook/flores,pan_Guru-cat_Latn
facebook/flores,pan_Guru-eng_Latn
facebook/flores,pan_Guru-eus_Latn
facebook/flores,pan_Guru-fon_Latn
facebook/flores,pan_Guru-fra_Latn
facebook/flores,pan_Guru-guj_Gujr
facebook/flores,pan_Guru-hin_Deva
facebook/flores,pan_Guru-ibo_Latn
facebook/flores,pan_Guru-ind_Latn
facebook/flores,pan_Guru-kan_Knda
facebook/flores,pan_Guru-kik_Latn
facebook/flores,pan_Guru-kin_Latn
facebook/flores,pan_Guru-lin_Latn
facebook/flores,pan_Guru-lug_Latn
facebook/flores,pan_Guru-mal_Mlym
facebook/flores,pan_Guru-mar_Deva
facebook/flores,pan_Guru-npi_Deva
facebook/flores,pan_Guru-nso_Latn
facebook/flores,pan_Guru-nya_Latn
facebook/flores,pan_Guru-ory_Orya
facebook/flores,pan_Guru-por_Latn
facebook/flores,pan_Guru-run_Latn
facebook/flores,pan_Guru-sna_Latn
facebook/flores,pan_Guru-sot_Latn
facebook/flores,pan_Guru-spa_Latn
facebook/flores,pan_Guru-swh_Latn
facebook/flores,pan_Guru-tam_Taml
facebook/flores,pan_Guru-tel_Telu
facebook/flores,pan_Guru-tsn_Latn
facebook/flores,pan_Guru-tso_Latn
facebook/flores,pan_Guru-tum_Latn
facebook/flores,pan_Guru-twi_Latn
facebook/flores,pan_Guru-urd_Arab
facebook/flores,pan_Guru-vie_Latn
facebook/flores,pan_Guru-wol_Latn
facebook/flores,pan_Guru-xho_Latn
facebook/flores,pan_Guru-yor_Latn
facebook/flores,pan_Guru-zho_Hans
facebook/flores,pan_Guru-zho_Hant
facebook/flores,pan_Guru-zul_Latn
facebook/flores,por_Latn-aka_Latn
facebook/flores,por_Latn-asm_Beng
facebook/flores,por_Latn-bam_Latn
facebook/flores,por_Latn-ben_Beng
facebook/flores,por_Latn-cat_Latn
facebook/flores,por_Latn-eng_Latn
facebook/flores,por_Latn-eus_Latn
facebook/flores,por_Latn-fon_Latn
facebook/flores,por_Latn-fra_Latn
facebook/flores,por_Latn-guj_Gujr
facebook/flores,por_Latn-hin_Deva
facebook/flores,por_Latn-ibo_Latn
facebook/flores,por_Latn-ind_Latn
facebook/flores,por_Latn-kan_Knda
facebook/flores,por_Latn-kik_Latn
facebook/flores,por_Latn-kin_Latn
facebook/flores,por_Latn-lin_Latn
facebook/flores,por_Latn-lug_Latn
facebook/flores,por_Latn-mal_Mlym
facebook/flores,por_Latn-mar_Deva
facebook/flores,por_Latn-npi_Deva
facebook/flores,por_Latn-nso_Latn
facebook/flores,por_Latn-nya_Latn
facebook/flores,por_Latn-ory_Orya
facebook/flores,por_Latn-pan_Guru
facebook/flores,por_Latn-run_Latn
facebook/flores,por_Latn-sna_Latn
facebook/flores,por_Latn-sot_Latn
facebook/flores,por_Latn-spa_Latn
facebook/flores,por_Latn-swh_Latn
facebook/flores,por_Latn-tam_Taml
facebook/flores,por_Latn-tel_Telu
facebook/flores,por_Latn-tsn_Latn
facebook/flores,por_Latn-tso_Latn
facebook/flores,por_Latn-tum_Latn
facebook/flores,por_Latn-twi_Latn
facebook/flores,por_Latn-urd_Arab
facebook/flores,por_Latn-vie_Latn
facebook/flores,por_Latn-wol_Latn
facebook/flores,por_Latn-xho_Latn
facebook/flores,por_Latn-yor_Latn
facebook/flores,por_Latn-zho_Hans
facebook/flores,por_Latn-zho_Hant
facebook/flores,por_Latn-zul_Latn
facebook/flores,run_Latn-aka_Latn
facebook/flores,run_Latn-asm_Beng
facebook/flores,run_Latn-bam_Latn
facebook/flores,run_Latn-ben_Beng
facebook/flores,run_Latn-cat_Latn
facebook/flores,run_Latn-eng_Latn
facebook/flores,run_Latn-eus_Latn
facebook/flores,run_Latn-fon_Latn
facebook/flores,run_Latn-fra_Latn
facebook/flores,run_Latn-guj_Gujr
facebook/flores,run_Latn-hin_Deva
facebook/flores,run_Latn-ibo_Latn
facebook/flores,run_Latn-ind_Latn
facebook/flores,run_Latn-kan_Knda
facebook/flores,run_Latn-kik_Latn
facebook/flores,run_Latn-kin_Latn
facebook/flores,run_Latn-lin_Latn
facebook/flores,run_Latn-lug_Latn
facebook/flores,run_Latn-mal_Mlym
facebook/flores,run_Latn-mar_Deva
facebook/flores,run_Latn-npi_Deva
facebook/flores,run_Latn-nso_Latn
facebook/flores,run_Latn-nya_Latn
facebook/flores,run_Latn-ory_Orya
facebook/flores,run_Latn-pan_Guru
facebook/flores,run_Latn-por_Latn
facebook/flores,run_Latn-sna_Latn
facebook/flores,run_Latn-sot_Latn
facebook/flores,run_Latn-spa_Latn
facebook/flores,run_Latn-swh_Latn
facebook/flores,run_Latn-tam_Taml
facebook/flores,run_Latn-tel_Telu
facebook/flores,run_Latn-tsn_Latn
facebook/flores,run_Latn-tso_Latn
facebook/flores,run_Latn-tum_Latn
facebook/flores,run_Latn-twi_Latn
facebook/flores,run_Latn-urd_Arab
facebook/flores,run_Latn-vie_Latn
facebook/flores,run_Latn-wol_Latn
facebook/flores,run_Latn-xho_Latn
facebook/flores,run_Latn-yor_Latn
facebook/flores,run_Latn-zho_Hans
facebook/flores,run_Latn-zho_Hant
facebook/flores,run_Latn-zul_Latn
facebook/flores,sna_Latn-aka_Latn
facebook/flores,sna_Latn-asm_Beng
facebook/flores,sna_Latn-bam_Latn
facebook/flores,sna_Latn-ben_Beng
facebook/flores,sna_Latn-cat_Latn
facebook/flores,sna_Latn-eng_Latn
facebook/flores,sna_Latn-eus_Latn
facebook/flores,sna_Latn-fon_Latn
facebook/flores,sna_Latn-fra_Latn
facebook/flores,sna_Latn-guj_Gujr
facebook/flores,sna_Latn-hin_Deva
facebook/flores,sna_Latn-ibo_Latn
facebook/flores,sna_Latn-ind_Latn
facebook/flores,sna_Latn-kan_Knda
facebook/flores,sna_Latn-kik_Latn
facebook/flores,sna_Latn-kin_Latn
facebook/flores,sna_Latn-lin_Latn
facebook/flores,sna_Latn-lug_Latn
facebook/flores,sna_Latn-mal_Mlym
facebook/flores,sna_Latn-mar_Deva
facebook/flores,sna_Latn-npi_Deva
facebook/flores,sna_Latn-nso_Latn
facebook/flores,sna_Latn-nya_Latn
facebook/flores,sna_Latn-ory_Orya
facebook/flores,sna_Latn-pan_Guru
facebook/flores,sna_Latn-por_Latn
facebook/flores,sna_Latn-run_Latn
facebook/flores,sna_Latn-sot_Latn
facebook/flores,sna_Latn-spa_Latn
facebook/flores,sna_Latn-swh_Latn
facebook/flores,sna_Latn-tam_Taml
facebook/flores,sna_Latn-tel_Telu
facebook/flores,sna_Latn-tsn_Latn
facebook/flores,sna_Latn-tso_Latn
facebook/flores,sna_Latn-tum_Latn
facebook/flores,sna_Latn-twi_Latn
facebook/flores,sna_Latn-urd_Arab
facebook/flores,sna_Latn-vie_Latn
facebook/flores,sna_Latn-wol_Latn
facebook/flores,sna_Latn-xho_Latn
facebook/flores,sna_Latn-yor_Latn
facebook/flores,sna_Latn-zho_Hans
facebook/flores,sna_Latn-zho_Hant
facebook/flores,sna_Latn-zul_Latn
facebook/flores,sot_Latn-aka_Latn
facebook/flores,sot_Latn-asm_Beng
facebook/flores,sot_Latn-bam_Latn
facebook/flores,sot_Latn-ben_Beng
facebook/flores,sot_Latn-cat_Latn
facebook/flores,sot_Latn-eng_Latn
facebook/flores,sot_Latn-eus_Latn
facebook/flores,sot_Latn-fon_Latn
facebook/flores,sot_Latn-fra_Latn
facebook/flores,sot_Latn-guj_Gujr
facebook/flores,sot_Latn-hin_Deva
facebook/flores,sot_Latn-ibo_Latn
facebook/flores,sot_Latn-ind_Latn
facebook/flores,sot_Latn-kan_Knda
facebook/flores,sot_Latn-kik_Latn
facebook/flores,sot_Latn-kin_Latn
facebook/flores,sot_Latn-lin_Latn
facebook/flores,sot_Latn-lug_Latn
facebook/flores,sot_Latn-mal_Mlym
facebook/flores,sot_Latn-mar_Deva
facebook/flores,sot_Latn-npi_Deva
facebook/flores,sot_Latn-nso_Latn
facebook/flores,sot_Latn-nya_Latn
facebook/flores,sot_Latn-ory_Orya
facebook/flores,sot_Latn-pan_Guru
facebook/flores,sot_Latn-por_Latn
facebook/flores,sot_Latn-run_Latn
facebook/flores,sot_Latn-sna_Latn
facebook/flores,sot_Latn-spa_Latn
facebook/flores,sot_Latn-swh_Latn
facebook/flores,sot_Latn-tam_Taml
facebook/flores,sot_Latn-tel_Telu
facebook/flores,sot_Latn-tsn_Latn
facebook/flores,sot_Latn-tso_Latn
facebook/flores,sot_Latn-tum_Latn
facebook/flores,sot_Latn-twi_Latn
facebook/flores,sot_Latn-urd_Arab
facebook/flores,sot_Latn-vie_Latn
facebook/flores,sot_Latn-wol_Latn
facebook/flores,sot_Latn-xho_Latn
facebook/flores,sot_Latn-yor_Latn
facebook/flores,sot_Latn-zho_Hans
facebook/flores,sot_Latn-zho_Hant
facebook/flores,sot_Latn-zul_Latn
facebook/flores,spa_Latn-aka_Latn
facebook/flores,spa_Latn-asm_Beng
facebook/flores,spa_Latn-bam_Latn
facebook/flores,spa_Latn-ben_Beng
facebook/flores,spa_Latn-cat_Latn
facebook/flores,spa_Latn-eng_Latn
facebook/flores,spa_Latn-eus_Latn
facebook/flores,spa_Latn-fon_Latn
facebook/flores,spa_Latn-fra_Latn
facebook/flores,spa_Latn-guj_Gujr
facebook/flores,spa_Latn-hin_Deva
facebook/flores,spa_Latn-ibo_Latn
facebook/flores,spa_Latn-ind_Latn
facebook/flores,spa_Latn-kan_Knda
facebook/flores,spa_Latn-kik_Latn
facebook/flores,spa_Latn-kin_Latn
facebook/flores,spa_Latn-lin_Latn
facebook/flores,spa_Latn-lug_Latn
facebook/flores,spa_Latn-mal_Mlym
facebook/flores,spa_Latn-mar_Deva
facebook/flores,spa_Latn-npi_Deva
facebook/flores,spa_Latn-nso_Latn
facebook/flores,spa_Latn-nya_Latn
facebook/flores,spa_Latn-ory_Orya
facebook/flores,spa_Latn-pan_Guru
facebook/flores,spa_Latn-por_Latn
facebook/flores,spa_Latn-run_Latn
facebook/flores,spa_Latn-sna_Latn
facebook/flores,spa_Latn-sot_Latn
facebook/flores,spa_Latn-swh_Latn
facebook/flores,spa_Latn-tam_Taml
facebook/flores,spa_Latn-tel_Telu
facebook/flores,spa_Latn-tsn_Latn
facebook/flores,spa_Latn-tso_Latn
facebook/flores,spa_Latn-tum_Latn
facebook/flores,spa_Latn-twi_Latn
facebook/flores,spa_Latn-urd_Arab
facebook/flores,spa_Latn-vie_Latn
facebook/flores,spa_Latn-wol_Latn
facebook/flores,spa_Latn-xho_Latn
facebook/flores,spa_Latn-yor_Latn
facebook/flores,spa_Latn-zho_Hans
facebook/flores,spa_Latn-zho_Hant
facebook/flores,spa_Latn-zul_Latn
facebook/flores,swh_Latn-aka_Latn
facebook/flores,swh_Latn-asm_Beng
facebook/flores,swh_Latn-bam_Latn
facebook/flores,swh_Latn-ben_Beng
facebook/flores,swh_Latn-cat_Latn
facebook/flores,swh_Latn-eng_Latn
facebook/flores,swh_Latn-eus_Latn
facebook/flores,swh_Latn-fon_Latn
facebook/flores,swh_Latn-fra_Latn
facebook/flores,swh_Latn-guj_Gujr
facebook/flores,swh_Latn-hin_Deva
facebook/flores,swh_Latn-ibo_Latn
facebook/flores,swh_Latn-ind_Latn
facebook/flores,swh_Latn-kan_Knda
facebook/flores,swh_Latn-kik_Latn
facebook/flores,swh_Latn-kin_Latn
facebook/flores,swh_Latn-lin_Latn
facebook/flores,swh_Latn-lug_Latn
facebook/flores,swh_Latn-mal_Mlym
facebook/flores,swh_Latn-mar_Deva
facebook/flores,swh_Latn-npi_Deva
facebook/flores,swh_Latn-nso_Latn
facebook/flores,swh_Latn-nya_Latn
facebook/flores,swh_Latn-ory_Orya
facebook/flores,swh_Latn-pan_Guru
facebook/flores,swh_Latn-por_Latn
facebook/flores,swh_Latn-run_Latn
facebook/flores,swh_Latn-sna_Latn
facebook/flores,swh_Latn-sot_Latn
facebook/flores,swh_Latn-spa_Latn
facebook/flores,swh_Latn-tam_Taml
facebook/flores,swh_Latn-tel_Telu
facebook/flores,swh_Latn-tsn_Latn
facebook/flores,swh_Latn-tso_Latn
facebook/flores,swh_Latn-tum_Latn
facebook/flores,swh_Latn-twi_Latn
facebook/flores,swh_Latn-urd_Arab
facebook/flores,swh_Latn-vie_Latn
facebook/flores,swh_Latn-wol_Latn
facebook/flores,swh_Latn-xho_Latn
facebook/flores,swh_Latn-yor_Latn
facebook/flores,swh_Latn-zho_Hans
facebook/flores,swh_Latn-zho_Hant
facebook/flores,swh_Latn-zul_Latn
facebook/flores,tam_Taml-aka_Latn
facebook/flores,tam_Taml-asm_Beng
facebook/flores,tam_Taml-bam_Latn
facebook/flores,tam_Taml-ben_Beng
facebook/flores,tam_Taml-cat_Latn
facebook/flores,tam_Taml-eng_Latn
facebook/flores,tam_Taml-eus_Latn
facebook/flores,tam_Taml-fon_Latn
facebook/flores,tam_Taml-fra_Latn
facebook/flores,tam_Taml-guj_Gujr
facebook/flores,tam_Taml-hin_Deva
facebook/flores,tam_Taml-ibo_Latn
facebook/flores,tam_Taml-ind_Latn
facebook/flores,tam_Taml-kan_Knda
facebook/flores,tam_Taml-kik_Latn
facebook/flores,tam_Taml-kin_Latn
facebook/flores,tam_Taml-lin_Latn
facebook/flores,tam_Taml-lug_Latn
facebook/flores,tam_Taml-mal_Mlym
facebook/flores,tam_Taml-mar_Deva
facebook/flores,tam_Taml-npi_Deva
facebook/flores,tam_Taml-nso_Latn
facebook/flores,tam_Taml-nya_Latn
facebook/flores,tam_Taml-ory_Orya
facebook/flores,tam_Taml-pan_Guru
facebook/flores,tam_Taml-por_Latn
facebook/flores,tam_Taml-run_Latn
facebook/flores,tam_Taml-sna_Latn
facebook/flores,tam_Taml-sot_Latn
facebook/flores,tam_Taml-spa_Latn
facebook/flores,tam_Taml-swh_Latn
facebook/flores,tam_Taml-tel_Telu
facebook/flores,tam_Taml-tsn_Latn
facebook/flores,tam_Taml-tso_Latn
facebook/flores,tam_Taml-tum_Latn
facebook/flores,tam_Taml-twi_Latn
facebook/flores,tam_Taml-urd_Arab
facebook/flores,tam_Taml-vie_Latn
facebook/flores,tam_Taml-wol_Latn
facebook/flores,tam_Taml-xho_Latn
facebook/flores,tam_Taml-yor_Latn
facebook/flores,tam_Taml-zho_Hans
facebook/flores,tam_Taml-zho_Hant
facebook/flores,tam_Taml-zul_Latn
facebook/flores,tel_Telu-aka_Latn
facebook/flores,tel_Telu-asm_Beng
facebook/flores,tel_Telu-bam_Latn
facebook/flores,tel_Telu-ben_Beng
facebook/flores,tel_Telu-cat_Latn
facebook/flores,tel_Telu-eng_Latn
facebook/flores,tel_Telu-eus_Latn
facebook/flores,tel_Telu-fon_Latn
facebook/flores,tel_Telu-fra_Latn
facebook/flores,tel_Telu-guj_Gujr
facebook/flores,tel_Telu-hin_Deva
facebook/flores,tel_Telu-ibo_Latn
facebook/flores,tel_Telu-ind_Latn
facebook/flores,tel_Telu-kan_Knda
facebook/flores,tel_Telu-kik_Latn
facebook/flores,tel_Telu-kin_Latn
facebook/flores,tel_Telu-lin_Latn
facebook/flores,tel_Telu-lug_Latn
facebook/flores,tel_Telu-mal_Mlym
facebook/flores,tel_Telu-mar_Deva
facebook/flores,tel_Telu-npi_Deva
facebook/flores,tel_Telu-nso_Latn
facebook/flores,tel_Telu-nya_Latn
facebook/flores,tel_Telu-ory_Orya
facebook/flores,tel_Telu-pan_Guru
facebook/flores,tel_Telu-por_Latn
facebook/flores,tel_Telu-run_Latn
facebook/flores,tel_Telu-sna_Latn
facebook/flores,tel_Telu-sot_Latn
facebook/flores,tel_Telu-spa_Latn
facebook/flores,tel_Telu-swh_Latn
facebook/flores,tel_Telu-tam_Taml
facebook/flores,tel_Telu-tsn_Latn
facebook/flores,tel_Telu-tso_Latn
facebook/flores,tel_Telu-tum_Latn
facebook/flores,tel_Telu-twi_Latn
facebook/flores,tel_Telu-urd_Arab
facebook/flores,tel_Telu-vie_Latn
facebook/flores,tel_Telu-wol_Latn
facebook/flores,tel_Telu-xho_Latn
facebook/flores,tel_Telu-yor_Latn
facebook/flores,tel_Telu-zho_Hans
facebook/flores,tel_Telu-zho_Hant
facebook/flores,tel_Telu-zul_Latn
facebook/flores,tsn_Latn-aka_Latn
facebook/flores,tsn_Latn-asm_Beng
facebook/flores,tsn_Latn-bam_Latn
facebook/flores,tsn_Latn-ben_Beng
facebook/flores,tsn_Latn-cat_Latn
facebook/flores,tsn_Latn-eng_Latn
facebook/flores,tsn_Latn-eus_Latn
facebook/flores,tsn_Latn-fon_Latn
facebook/flores,tsn_Latn-fra_Latn
facebook/flores,tsn_Latn-guj_Gujr
facebook/flores,tsn_Latn-hin_Deva
facebook/flores,tsn_Latn-ibo_Latn
facebook/flores,tsn_Latn-ind_Latn
facebook/flores,tsn_Latn-kan_Knda
facebook/flores,tsn_Latn-kik_Latn
facebook/flores,tsn_Latn-kin_Latn
facebook/flores,tsn_Latn-lin_Latn
facebook/flores,tsn_Latn-lug_Latn
facebook/flores,tsn_Latn-mal_Mlym
facebook/flores,tsn_Latn-mar_Deva
facebook/flores,tsn_Latn-npi_Deva
facebook/flores,tsn_Latn-nso_Latn
facebook/flores,tsn_Latn-nya_Latn
facebook/flores,tsn_Latn-ory_Orya
facebook/flores,tsn_Latn-pan_Guru
facebook/flores,tsn_Latn-por_Latn
facebook/flores,tsn_Latn-run_Latn
facebook/flores,tsn_Latn-sna_Latn
facebook/flores,tsn_Latn-sot_Latn
facebook/flores,tsn_Latn-spa_Latn
facebook/flores,tsn_Latn-swh_Latn
facebook/flores,tsn_Latn-tam_Taml
facebook/flores,tsn_Latn-tel_Telu
facebook/flores,tsn_Latn-tso_Latn
facebook/flores,tsn_Latn-tum_Latn
facebook/flores,tsn_Latn-twi_Latn
facebook/flores,tsn_Latn-urd_Arab
facebook/flores,tsn_Latn-vie_Latn
facebook/flores,tsn_Latn-wol_Latn
facebook/flores,tsn_Latn-xho_Latn
facebook/flores,tsn_Latn-yor_Latn
facebook/flores,tsn_Latn-zho_Hans
facebook/flores,tsn_Latn-zho_Hant
facebook/flores,tsn_Latn-zul_Latn
facebook/flores,tso_Latn-aka_Latn
facebook/flores,tso_Latn-asm_Beng
facebook/flores,tso_Latn-bam_Latn
facebook/flores,tso_Latn-ben_Beng
facebook/flores,tso_Latn-cat_Latn
facebook/flores,tso_Latn-eng_Latn
facebook/flores,tso_Latn-eus_Latn
facebook/flores,tso_Latn-fon_Latn
facebook/flores,tso_Latn-fra_Latn
facebook/flores,tso_Latn-guj_Gujr
facebook/flores,tso_Latn-hin_Deva
facebook/flores,tso_Latn-ibo_Latn
facebook/flores,tso_Latn-ind_Latn
facebook/flores,tso_Latn-kan_Knda
facebook/flores,tso_Latn-kik_Latn
facebook/flores,tso_Latn-kin_Latn
facebook/flores,tso_Latn-lin_Latn
facebook/flores,tso_Latn-lug_Latn
facebook/flores,tso_Latn-mal_Mlym
facebook/flores,tso_Latn-mar_Deva
facebook/flores,tso_Latn-npi_Deva
facebook/flores,tso_Latn-nso_Latn
facebook/flores,tso_Latn-nya_Latn
facebook/flores,tso_Latn-ory_Orya
facebook/flores,tso_Latn-pan_Guru
facebook/flores,tso_Latn-por_Latn
facebook/flores,tso_Latn-run_Latn
facebook/flores,tso_Latn-sna_Latn
facebook/flores,tso_Latn-sot_Latn
facebook/flores,tso_Latn-spa_Latn
facebook/flores,tso_Latn-swh_Latn
facebook/flores,tso_Latn-tam_Taml
facebook/flores,tso_Latn-tel_Telu
facebook/flores,tso_Latn-tsn_Latn
facebook/flores,tso_Latn-tum_Latn
facebook/flores,tso_Latn-twi_Latn
facebook/flores,tso_Latn-urd_Arab
facebook/flores,tso_Latn-vie_Latn
facebook/flores,tso_Latn-wol_Latn
facebook/flores,tso_Latn-xho_Latn
facebook/flores,tso_Latn-yor_Latn
facebook/flores,tso_Latn-zho_Hans
facebook/flores,tso_Latn-zho_Hant
facebook/flores,tso_Latn-zul_Latn
facebook/flores,tum_Latn-aka_Latn
facebook/flores,tum_Latn-asm_Beng
facebook/flores,tum_Latn-bam_Latn
facebook/flores,tum_Latn-ben_Beng
facebook/flores,tum_Latn-cat_Latn
facebook/flores,tum_Latn-eng_Latn
facebook/flores,tum_Latn-eus_Latn
facebook/flores,tum_Latn-fon_Latn
facebook/flores,tum_Latn-fra_Latn
facebook/flores,tum_Latn-guj_Gujr
facebook/flores,tum_Latn-hin_Deva
facebook/flores,tum_Latn-ibo_Latn
facebook/flores,tum_Latn-ind_Latn
facebook/flores,tum_Latn-kan_Knda
facebook/flores,tum_Latn-kik_Latn
facebook/flores,tum_Latn-kin_Latn
facebook/flores,tum_Latn-lin_Latn
facebook/flores,tum_Latn-lug_Latn
facebook/flores,tum_Latn-mal_Mlym
facebook/flores,tum_Latn-mar_Deva
facebook/flores,tum_Latn-npi_Deva
facebook/flores,tum_Latn-nso_Latn
facebook/flores,tum_Latn-nya_Latn
facebook/flores,tum_Latn-ory_Orya
facebook/flores,tum_Latn-pan_Guru
facebook/flores,tum_Latn-por_Latn
facebook/flores,tum_Latn-run_Latn
facebook/flores,tum_Latn-sna_Latn
facebook/flores,tum_Latn-sot_Latn
facebook/flores,tum_Latn-spa_Latn
facebook/flores,tum_Latn-swh_Latn
facebook/flores,tum_Latn-tam_Taml
facebook/flores,tum_Latn-tel_Telu
facebook/flores,tum_Latn-tsn_Latn
facebook/flores,tum_Latn-tso_Latn
facebook/flores,tum_Latn-twi_Latn
facebook/flores,tum_Latn-urd_Arab
facebook/flores,tum_Latn-vie_Latn
facebook/flores,tum_Latn-wol_Latn
facebook/flores,tum_Latn-xho_Latn
facebook/flores,tum_Latn-yor_Latn
facebook/flores,tum_Latn-zho_Hans
facebook/flores,tum_Latn-zho_Hant
facebook/flores,tum_Latn-zul_Latn
facebook/flores,twi_Latn-aka_Latn
facebook/flores,twi_Latn-asm_Beng
facebook/flores,twi_Latn-bam_Latn
facebook/flores,twi_Latn-ben_Beng
facebook/flores,twi_Latn-cat_Latn
facebook/flores,twi_Latn-eng_Latn
facebook/flores,twi_Latn-eus_Latn
facebook/flores,twi_Latn-fon_Latn
facebook/flores,twi_Latn-fra_Latn
facebook/flores,twi_Latn-guj_Gujr
facebook/flores,twi_Latn-hin_Deva
facebook/flores,twi_Latn-ibo_Latn
facebook/flores,twi_Latn-ind_Latn
facebook/flores,twi_Latn-kan_Knda
facebook/flores,twi_Latn-kik_Latn
facebook/flores,twi_Latn-kin_Latn
facebook/flores,twi_Latn-lin_Latn
facebook/flores,twi_Latn-lug_Latn
facebook/flores,twi_Latn-mal_Mlym
facebook/flores,twi_Latn-mar_Deva
facebook/flores,twi_Latn-npi_Deva
facebook/flores,twi_Latn-nso_Latn
facebook/flores,twi_Latn-nya_Latn
facebook/flores,twi_Latn-ory_Orya
facebook/flores,twi_Latn-pan_Guru
facebook/flores,twi_Latn-por_Latn
facebook/flores,twi_Latn-run_Latn
facebook/flores,twi_Latn-sna_Latn
facebook/flores,twi_Latn-sot_Latn
facebook/flores,twi_Latn-spa_Latn
facebook/flores,twi_Latn-swh_Latn
facebook/flores,twi_Latn-tam_Taml
facebook/flores,twi_Latn-tel_Telu
facebook/flores,twi_Latn-tsn_Latn
facebook/flores,twi_Latn-tso_Latn
facebook/flores,twi_Latn-tum_Latn
facebook/flores,twi_Latn-urd_Arab
facebook/flores,twi_Latn-vie_Latn
facebook/flores,twi_Latn-wol_Latn
facebook/flores,twi_Latn-xho_Latn
facebook/flores,twi_Latn-yor_Latn
facebook/flores,twi_Latn-zho_Hans
facebook/flores,twi_Latn-zho_Hant
facebook/flores,twi_Latn-zul_Latn
facebook/flores,urd_Arab-aka_Latn
facebook/flores,urd_Arab-asm_Beng
facebook/flores,urd_Arab-bam_Latn
facebook/flores,urd_Arab-ben_Beng
facebook/flores,urd_Arab-cat_Latn
facebook/flores,urd_Arab-eng_Latn
facebook/flores,urd_Arab-eus_Latn
facebook/flores,urd_Arab-fon_Latn
facebook/flores,urd_Arab-fra_Latn
facebook/flores,urd_Arab-guj_Gujr
facebook/flores,urd_Arab-hin_Deva
facebook/flores,urd_Arab-ibo_Latn
facebook/flores,urd_Arab-ind_Latn
facebook/flores,urd_Arab-kan_Knda
facebook/flores,urd_Arab-kik_Latn
facebook/flores,urd_Arab-kin_Latn
facebook/flores,urd_Arab-lin_Latn
facebook/flores,urd_Arab-lug_Latn
facebook/flores,urd_Arab-mal_Mlym
facebook/flores,urd_Arab-mar_Deva
facebook/flores,urd_Arab-npi_Deva
facebook/flores,urd_Arab-nso_Latn
facebook/flores,urd_Arab-nya_Latn
facebook/flores,urd_Arab-ory_Orya
facebook/flores,urd_Arab-pan_Guru
facebook/flores,urd_Arab-por_Latn
facebook/flores,urd_Arab-run_Latn
facebook/flores,urd_Arab-sna_Latn
facebook/flores,urd_Arab-sot_Latn
facebook/flores,urd_Arab-spa_Latn
facebook/flores,urd_Arab-swh_Latn
facebook/flores,urd_Arab-tam_Taml
facebook/flores,urd_Arab-tel_Telu
facebook/flores,urd_Arab-tsn_Latn
facebook/flores,urd_Arab-tso_Latn
facebook/flores,urd_Arab-tum_Latn
facebook/flores,urd_Arab-twi_Latn
facebook/flores,urd_Arab-vie_Latn
facebook/flores,urd_Arab-wol_Latn
facebook/flores,urd_Arab-xho_Latn
facebook/flores,urd_Arab-yor_Latn
facebook/flores,urd_Arab-zho_Hans
facebook/flores,urd_Arab-zho_Hant
facebook/flores,urd_Arab-zul_Latn
facebook/flores,vie_Latn-aka_Latn
facebook/flores,vie_Latn-asm_Beng
facebook/flores,vie_Latn-bam_Latn
facebook/flores,vie_Latn-ben_Beng
facebook/flores,vie_Latn-cat_Latn
facebook/flores,vie_Latn-eng_Latn
facebook/flores,vie_Latn-eus_Latn
facebook/flores,vie_Latn-fon_Latn
facebook/flores,vie_Latn-fra_Latn
facebook/flores,vie_Latn-guj_Gujr
facebook/flores,vie_Latn-hin_Deva
facebook/flores,vie_Latn-ibo_Latn
facebook/flores,vie_Latn-ind_Latn
facebook/flores,vie_Latn-kan_Knda
facebook/flores,vie_Latn-kik_Latn
facebook/flores,vie_Latn-kin_Latn
facebook/flores,vie_Latn-lin_Latn
facebook/flores,vie_Latn-lug_Latn
facebook/flores,vie_Latn-mal_Mlym
facebook/flores,vie_Latn-mar_Deva
facebook/flores,vie_Latn-npi_Deva
facebook/flores,vie_Latn-nso_Latn
facebook/flores,vie_Latn-nya_Latn
facebook/flores,vie_Latn-ory_Orya
facebook/flores,vie_Latn-pan_Guru
facebook/flores,vie_Latn-por_Latn
facebook/flores,vie_Latn-run_Latn
facebook/flores,vie_Latn-sna_Latn
facebook/flores,vie_Latn-sot_Latn
facebook/flores,vie_Latn-spa_Latn
facebook/flores,vie_Latn-swh_Latn
facebook/flores,vie_Latn-tam_Taml
facebook/flores,vie_Latn-tel_Telu
facebook/flores,vie_Latn-tsn_Latn
facebook/flores,vie_Latn-tso_Latn
facebook/flores,vie_Latn-tum_Latn
facebook/flores,vie_Latn-twi_Latn
facebook/flores,vie_Latn-urd_Arab
facebook/flores,vie_Latn-wol_Latn
facebook/flores,vie_Latn-xho_Latn
facebook/flores,vie_Latn-yor_Latn
facebook/flores,vie_Latn-zho_Hans
facebook/flores,vie_Latn-zho_Hant
facebook/flores,vie_Latn-zul_Latn
facebook/flores,wol_Latn-aka_Latn
facebook/flores,wol_Latn-asm_Beng
facebook/flores,wol_Latn-bam_Latn
facebook/flores,wol_Latn-ben_Beng
facebook/flores,wol_Latn-cat_Latn
facebook/flores,wol_Latn-eng_Latn
facebook/flores,wol_Latn-eus_Latn
facebook/flores,wol_Latn-fon_Latn
facebook/flores,wol_Latn-fra_Latn
facebook/flores,wol_Latn-guj_Gujr
facebook/flores,wol_Latn-hin_Deva
facebook/flores,wol_Latn-ibo_Latn
facebook/flores,wol_Latn-ind_Latn
facebook/flores,wol_Latn-kan_Knda
facebook/flores,wol_Latn-kik_Latn
facebook/flores,wol_Latn-kin_Latn
facebook/flores,wol_Latn-lin_Latn
facebook/flores,wol_Latn-lug_Latn
facebook/flores,wol_Latn-mal_Mlym
facebook/flores,wol_Latn-mar_Deva
facebook/flores,wol_Latn-npi_Deva
facebook/flores,wol_Latn-nso_Latn
facebook/flores,wol_Latn-nya_Latn
facebook/flores,wol_Latn-ory_Orya
facebook/flores,wol_Latn-pan_Guru
facebook/flores,wol_Latn-por_Latn
facebook/flores,wol_Latn-run_Latn
facebook/flores,wol_Latn-sna_Latn
facebook/flores,wol_Latn-sot_Latn
facebook/flores,wol_Latn-spa_Latn
facebook/flores,wol_Latn-swh_Latn
facebook/flores,wol_Latn-tam_Taml
facebook/flores,wol_Latn-tel_Telu
facebook/flores,wol_Latn-tsn_Latn
facebook/flores,wol_Latn-tso_Latn
facebook/flores,wol_Latn-tum_Latn
facebook/flores,wol_Latn-twi_Latn
facebook/flores,wol_Latn-urd_Arab
facebook/flores,wol_Latn-vie_Latn
facebook/flores,wol_Latn-xho_Latn
facebook/flores,wol_Latn-yor_Latn
facebook/flores,wol_Latn-zho_Hans
facebook/flores,wol_Latn-zho_Hant
facebook/flores,wol_Latn-zul_Latn
facebook/flores,xho_Latn-aka_Latn
facebook/flores,xho_Latn-asm_Beng
facebook/flores,xho_Latn-bam_Latn
facebook/flores,xho_Latn-ben_Beng
facebook/flores,xho_Latn-cat_Latn
facebook/flores,xho_Latn-eng_Latn
facebook/flores,xho_Latn-eus_Latn
facebook/flores,xho_Latn-fon_Latn
facebook/flores,xho_Latn-fra_Latn
facebook/flores,xho_Latn-guj_Gujr
facebook/flores,xho_Latn-hin_Deva
facebook/flores,xho_Latn-ibo_Latn
facebook/flores,xho_Latn-ind_Latn
facebook/flores,xho_Latn-kan_Knda
facebook/flores,xho_Latn-kik_Latn
facebook/flores,xho_Latn-kin_Latn
facebook/flores,xho_Latn-lin_Latn
facebook/flores,xho_Latn-lug_Latn
facebook/flores,xho_Latn-mal_Mlym
facebook/flores,xho_Latn-mar_Deva
facebook/flores,xho_Latn-npi_Deva
facebook/flores,xho_Latn-nso_Latn
facebook/flores,xho_Latn-nya_Latn
facebook/flores,xho_Latn-ory_Orya
facebook/flores,xho_Latn-pan_Guru
facebook/flores,xho_Latn-por_Latn
facebook/flores,xho_Latn-run_Latn
facebook/flores,xho_Latn-sna_Latn
facebook/flores,xho_Latn-sot_Latn
facebook/flores,xho_Latn-spa_Latn
facebook/flores,xho_Latn-swh_Latn
facebook/flores,xho_Latn-tam_Taml
facebook/flores,xho_Latn-tel_Telu
facebook/flores,xho_Latn-tsn_Latn
facebook/flores,xho_Latn-tso_Latn
facebook/flores,xho_Latn-tum_Latn
facebook/flores,xho_Latn-twi_Latn
facebook/flores,xho_Latn-urd_Arab
facebook/flores,xho_Latn-vie_Latn
facebook/flores,xho_Latn-wol_Latn
facebook/flores,xho_Latn-yor_Latn
facebook/flores,xho_Latn-zho_Hans
facebook/flores,xho_Latn-zho_Hant
facebook/flores,xho_Latn-zul_Latn
facebook/flores,yor_Latn-aka_Latn
facebook/flores,yor_Latn-asm_Beng
facebook/flores,yor_Latn-bam_Latn
facebook/flores,yor_Latn-ben_Beng
facebook/flores,yor_Latn-cat_Latn
facebook/flores,yor_Latn-eng_Latn
facebook/flores,yor_Latn-eus_Latn
facebook/flores,yor_Latn-fon_Latn
facebook/flores,yor_Latn-fra_Latn
facebook/flores,yor_Latn-guj_Gujr
facebook/flores,yor_Latn-hin_Deva
facebook/flores,yor_Latn-ibo_Latn
facebook/flores,yor_Latn-ind_Latn
facebook/flores,yor_Latn-kan_Knda
facebook/flores,yor_Latn-kik_Latn
facebook/flores,yor_Latn-kin_Latn
facebook/flores,yor_Latn-lin_Latn
facebook/flores,yor_Latn-lug_Latn
facebook/flores,yor_Latn-mal_Mlym
facebook/flores,yor_Latn-mar_Deva
facebook/flores,yor_Latn-npi_Deva
facebook/flores,yor_Latn-nso_Latn
facebook/flores,yor_Latn-nya_Latn
facebook/flores,yor_Latn-ory_Orya
facebook/flores,yor_Latn-pan_Guru
facebook/flores,yor_Latn-por_Latn
facebook/flores,yor_Latn-run_Latn
facebook/flores,yor_Latn-sna_Latn
facebook/flores,yor_Latn-sot_Latn
facebook/flores,yor_Latn-spa_Latn
facebook/flores,yor_Latn-swh_Latn
facebook/flores,yor_Latn-tam_Taml
facebook/flores,yor_Latn-tel_Telu
facebook/flores,yor_Latn-tsn_Latn
facebook/flores,yor_Latn-tso_Latn
facebook/flores,yor_Latn-tum_Latn
facebook/flores,yor_Latn-twi_Latn
facebook/flores,yor_Latn-urd_Arab
facebook/flores,yor_Latn-vie_Latn
facebook/flores,yor_Latn-wol_Latn
facebook/flores,yor_Latn-xho_Latn
facebook/flores,yor_Latn-zho_Hans
facebook/flores,yor_Latn-zho_Hant
facebook/flores,yor_Latn-zul_Latn
facebook/flores,zho_Hans-aka_Latn
facebook/flores,zho_Hans-asm_Beng
facebook/flores,zho_Hans-bam_Latn
facebook/flores,zho_Hans-ben_Beng
facebook/flores,zho_Hans-cat_Latn
facebook/flores,zho_Hans-eng_Latn
facebook/flores,zho_Hans-eus_Latn
facebook/flores,zho_Hans-fon_Latn
facebook/flores,zho_Hans-fra_Latn
facebook/flores,zho_Hans-guj_Gujr
facebook/flores,zho_Hans-hin_Deva
facebook/flores,zho_Hans-ibo_Latn
facebook/flores,zho_Hans-ind_Latn
facebook/flores,zho_Hans-kan_Knda
facebook/flores,zho_Hans-kik_Latn
facebook/flores,zho_Hans-kin_Latn
facebook/flores,zho_Hans-lin_Latn
facebook/flores,zho_Hans-lug_Latn
facebook/flores,zho_Hans-mal_Mlym
facebook/flores,zho_Hans-mar_Deva
facebook/flores,zho_Hans-npi_Deva
facebook/flores,zho_Hans-nso_Latn
facebook/flores,zho_Hans-nya_Latn
facebook/flores,zho_Hans-ory_Orya
facebook/flores,zho_Hans-pan_Guru
facebook/flores,zho_Hans-por_Latn
facebook/flores,zho_Hans-run_Latn
facebook/flores,zho_Hans-sna_Latn
facebook/flores,zho_Hans-sot_Latn
facebook/flores,zho_Hans-spa_Latn
facebook/flores,zho_Hans-swh_Latn
facebook/flores,zho_Hans-tam_Taml
facebook/flores,zho_Hans-tel_Telu
facebook/flores,zho_Hans-tsn_Latn
facebook/flores,zho_Hans-tso_Latn
facebook/flores,zho_Hans-tum_Latn
facebook/flores,zho_Hans-twi_Latn
facebook/flores,zho_Hans-urd_Arab
facebook/flores,zho_Hans-vie_Latn
facebook/flores,zho_Hans-wol_Latn
facebook/flores,zho_Hans-xho_Latn
facebook/flores,zho_Hans-yor_Latn
facebook/flores,zho_Hans-zho_Hant
facebook/flores,zho_Hans-zul_Latn
facebook/flores,zho_Hant-aka_Latn
facebook/flores,zho_Hant-asm_Beng
facebook/flores,zho_Hant-bam_Latn
facebook/flores,zho_Hant-ben_Beng
facebook/flores,zho_Hant-cat_Latn
facebook/flores,zho_Hant-eng_Latn
facebook/flores,zho_Hant-eus_Latn
facebook/flores,zho_Hant-fon_Latn
facebook/flores,zho_Hant-fra_Latn
facebook/flores,zho_Hant-guj_Gujr
facebook/flores,zho_Hant-hin_Deva
facebook/flores,zho_Hant-ibo_Latn
facebook/flores,zho_Hant-ind_Latn
facebook/flores,zho_Hant-kan_Knda
facebook/flores,zho_Hant-kik_Latn
facebook/flores,zho_Hant-kin_Latn
facebook/flores,zho_Hant-lin_Latn
facebook/flores,zho_Hant-lug_Latn
facebook/flores,zho_Hant-mal_Mlym
facebook/flores,zho_Hant-mar_Deva
facebook/flores,zho_Hant-npi_Deva
facebook/flores,zho_Hant-nso_Latn
facebook/flores,zho_Hant-nya_Latn
facebook/flores,zho_Hant-ory_Orya
facebook/flores,zho_Hant-pan_Guru
facebook/flores,zho_Hant-por_Latn
facebook/flores,zho_Hant-run_Latn
facebook/flores,zho_Hant-sna_Latn
facebook/flores,zho_Hant-sot_Latn
facebook/flores,zho_Hant-spa_Latn
facebook/flores,zho_Hant-swh_Latn
facebook/flores,zho_Hant-tam_Taml
facebook/flores,zho_Hant-tel_Telu
facebook/flores,zho_Hant-tsn_Latn
facebook/flores,zho_Hant-tso_Latn
facebook/flores,zho_Hant-tum_Latn
facebook/flores,zho_Hant-twi_Latn
facebook/flores,zho_Hant-urd_Arab
facebook/flores,zho_Hant-vie_Latn
facebook/flores,zho_Hant-wol_Latn
facebook/flores,zho_Hant-xho_Latn
facebook/flores,zho_Hant-yor_Latn
facebook/flores,zho_Hant-zho_Hans
facebook/flores,zho_Hant-zul_Latn
facebook/flores,zul_Latn-aka_Latn
facebook/flores,zul_Latn-asm_Beng
facebook/flores,zul_Latn-bam_Latn
facebook/flores,zul_Latn-ben_Beng
facebook/flores,zul_Latn-cat_Latn
facebook/flores,zul_Latn-eng_Latn
facebook/flores,zul_Latn-eus_Latn
facebook/flores,zul_Latn-fon_Latn
facebook/flores,zul_Latn-fra_Latn
facebook/flores,zul_Latn-guj_Gujr
facebook/flores,zul_Latn-hin_Deva
facebook/flores,zul_Latn-ibo_Latn
facebook/flores,zul_Latn-ind_Latn
facebook/flores,zul_Latn-kan_Knda
facebook/flores,zul_Latn-kik_Latn
facebook/flores,zul_Latn-kin_Latn
facebook/flores,zul_Latn-lin_Latn
facebook/flores,zul_Latn-lug_Latn
facebook/flores,zul_Latn-mal_Mlym
facebook/flores,zul_Latn-mar_Deva
facebook/flores,zul_Latn-npi_Deva
facebook/flores,zul_Latn-nso_Latn
facebook/flores,zul_Latn-nya_Latn
facebook/flores,zul_Latn-ory_Orya
facebook/flores,zul_Latn-pan_Guru
facebook/flores,zul_Latn-por_Latn
facebook/flores,zul_Latn-run_Latn
facebook/flores,zul_Latn-sna_Latn
facebook/flores,zul_Latn-sot_Latn
facebook/flores,zul_Latn-spa_Latn
facebook/flores,zul_Latn-swh_Latn
facebook/flores,zul_Latn-tam_Taml
facebook/flores,zul_Latn-tel_Telu
facebook/flores,zul_Latn-tsn_Latn
facebook/flores,zul_Latn-tso_Latn
facebook/flores,zul_Latn-tum_Latn
facebook/flores,zul_Latn-twi_Latn
facebook/flores,zul_Latn-urd_Arab
facebook/flores,zul_Latn-vie_Latn
facebook/flores,zul_Latn-wol_Latn
facebook/flores,zul_Latn-xho_Latn
facebook/flores,zul_Latn-yor_Latn
facebook/flores,zul_Latn-zho_Hans
facebook/flores,zul_Latn-zho_Hant
allenai/wmt22_african,eng-ibo
allenai/wmt22_african,eng-kin
allenai/wmt22_african,eng-lin
allenai/wmt22_african,eng-lug
allenai/wmt22_african,eng-nso
allenai/wmt22_african,eng-nya
allenai/wmt22_african,eng-sna
allenai/wmt22_african,eng-swh
allenai/wmt22_african,eng-tsn
allenai/wmt22_african,eng-tso
allenai/wmt22_african,eng-wol
allenai/wmt22_african,eng-xho
allenai/wmt22_african,eng-yor
allenai/wmt22_african,eng-zul
allenai/wmt22_african,fra-ibo
allenai/wmt22_african,fra-kin
allenai/wmt22_african,fra-lin
allenai/wmt22_african,fra-lug
allenai/wmt22_african,fra-nso
allenai/wmt22_african,fra-nya
allenai/wmt22_african,fra-swh
allenai/wmt22_african,fra-tsn
allenai/wmt22_african,fra-tso
allenai/wmt22_african,fra-wol
allenai/wmt22_african,fra-xho
allenai/wmt22_african,fra-zul
allenai/wmt22_african,ibo-kin
allenai/wmt22_african,ibo-lug
allenai/wmt22_african,ibo-nso
allenai/wmt22_african,ibo-nya
allenai/wmt22_african,ibo-sna
allenai/wmt22_african,ibo-swh
allenai/wmt22_african,ibo-tsn
allenai/wmt22_african,ibo-tso
allenai/wmt22_african,ibo-xho
allenai/wmt22_african,ibo-yor
allenai/wmt22_african,ibo-zul
allenai/wmt22_african,kin-lug
allenai/wmt22_african,kin-nso
allenai/wmt22_african,kin-nya
allenai/wmt22_african,kin-sna
allenai/wmt22_african,kin-swh
allenai/wmt22_african,kin-tsn
allenai/wmt22_african,kin-tso
allenai/wmt22_african,kin-xho
allenai/wmt22_african,kin-yor
allenai/wmt22_african,kin-zul
allenai/wmt22_african,lug-nso
allenai/wmt22_african,lug-nya
allenai/wmt22_african,lug-sna
allenai/wmt22_african,lug-swh
allenai/wmt22_african,lug-tsn
allenai/wmt22_african,lug-tso
allenai/wmt22_african,lug-xho
allenai/wmt22_african,lug-yor
allenai/wmt22_african,lug-zul
allenai/wmt22_african,nso-nya
allenai/wmt22_african,nso-sna
allenai/wmt22_african,nso-swh
allenai/wmt22_african,nso-tsn
allenai/wmt22_african,nso-tso
allenai/wmt22_african,nso-xho
allenai/wmt22_african,nso-yor
allenai/wmt22_african,nso-zul
allenai/wmt22_african,nya-sna
allenai/wmt22_african,nya-swh
allenai/wmt22_african,nya-tsn
allenai/wmt22_african,nya-tso
allenai/wmt22_african,nya-xho
allenai/wmt22_african,nya-yor
allenai/wmt22_african,nya-zul
allenai/wmt22_african,sna-swh
allenai/wmt22_african,sna-tsn
allenai/wmt22_african,sna-tso
allenai/wmt22_african,sna-xho
allenai/wmt22_african,sna-yor
allenai/wmt22_african,sna-zul
allenai/wmt22_african,swh-tsn
allenai/wmt22_african,swh-tso
allenai/wmt22_african,swh-xho
allenai/wmt22_african,swh-yor
allenai/wmt22_african,swh-zul
allenai/wmt22_african,tsn-tso
allenai/wmt22_african,tsn-xho
allenai/wmt22_african,tsn-yor
allenai/wmt22_african,tsn-zul
allenai/wmt22_african,tso-xho
allenai/wmt22_african,tso-yor
allenai/wmt22_african,tso-zul
allenai/wmt22_african,xho-yor
allenai/wmt22_african,xho-zul
allenai/wmt22_african,yor-zul
